userId,assessmentType,behaviorScore,blinkFrequencyNormalized,engagementScore,facePresenceRatio,focusLossRate,headMovementScore,idlePercentage,keyboardActivityScore,keyboard_avgInterKeyLatency,keyboard_avgKeyPressDuration,keyboard_backspaceCount,keyboard_copyAttempts,keyboard_ctrlComboCount,keyboard_deleteCount,keyboard_errorRate,keyboard_pasteAttempts,keyboard_shiftUsageCount,keyboard_totalKeystrokes,keyboard_typingRhythmVariance,mouseActivityScore,mouseKeyboardRatio,mouse_acceleration,mouse_avgSpeed,mouse_clickFrequency,mouse_cursorSmoothness,mouse_doubleClicks,mouse_dragEvents,mouse_maxSpeed,mouse_rightClicks,mouse_scrollDistance,mouse_scrollEvents,mouse_totalClicks,mouse_totalMovement,responseConsistency,screenActivityScore,screen_activityDensity,screen_averageMouseStopDuration,screen_averageScrollBurstDuration,screen_cursorAcceleration,screen_cursorJitter,screen_cursorSmoothness,screen_cursorSpeed,screen_focusChanges,screen_idleDuration,screen_idleEventCount,screen_maximumIdleDuration,screen_mouseEventsPerSecond,screen_mousePathCurvature,screen_mouseStopCount,screen_scrollBurstCount,screen_scrollEventsPerSecond,screen_scrollFrequency,screen_scrollSpeed,scrollDistancePerMinute,session_avgNetworkLatencyMs,session_avgResponseTimeMs,session_focusChanges,session_fullscreenExits,session_idlePeriodsCount,session_idleTimeMs,session_screenResolution,session_sessionDurationMs,session_tabSwitches,session_userAgent,typingEfficiency,webcamAttentionScore,webcam_averageBlinkDuration,webcam_averageFaceConfidence,webcam_averageFacePosition_x,webcam_averageFacePosition_y,webcam_averageFaceSize,webcam_averageHeadSpeed,webcam_averageLookAwayDuration,webcam_averagePitch,webcam_averageRoll,webcam_averageYaw,webcam_blinkCount,webcam_blinkIntervalVariance,webcam_blinkRate,webcam_continuousFaceLossCount,webcam_eyeClosureRate,webcam_faceBoundingBox_height,webcam_faceBoundingBox_width,webcam_faceBoundingBox_x,webcam_faceBoundingBox_y,webcam_faceDisappearanceDuration,webcam_faceVisiblePercentage,webcam_headMovementVariance,webcam_lookAwayCount,webcam_lookingDownDuration,webcam_lookingDownPercentage,webcam_lookingLeftDuration,webcam_lookingLeftPercentage,webcam_lookingRightDuration,webcam_lookingRightPercentage,webcam_lookingUpDuration,webcam_lookingUpPercentage,webcam_maximumBlinkDuration,webcam_maximumFaceLossDuration,webcam_maximumHeadSpeed,webcam_maximumLookAwayDuration,webcam_numberOfFaces,webcam_pitchStdDeviation,webcam_rollStdDeviation,webcam_screenAttention,webcam_screenAttentionPercentage,webcam_yawStdDeviation
3672ebf6-6315-42b1-bc91-94635e842359,Typing,0.3462129027100676,0.0305281706910511,0.2347068880484477,1.0,0.0,0.013872049146215,52.52551020408164,0.4711808832035797,519.9457142857143,102.46355685131196,26.0,0.0,0.0,0.0,0.074074074074074,0.0,20.0,351.0,300921.4399102038,0.2689610937882533,0.0170454545454545,0.1590269601873592,0.3328089430736067,0.0473608183949418,0.8627926996955686,0.0,6.0,1.4856080405005891,0.0,168.0,33.0,6.0,1203.982784702265,0.2543866490327283,0.0021519818568227,0.0063,34.316,0.0,0.0638,0.3087,0.9522,0.0113,0.0,102.95,3.0,65.73,0.0153,0.0,3.0,0.0,0.0,0.0,0.0,51.42857142857143,8812.0,92124.0,0.0,0.0,1.0,661.0,1536x864,194599.0,0.0,"Mozilla/5.0 (Windows NT 10.0; Win64; x64) AppleWebKit/537.36 (KHTML, like Gecko) Chrome/150.0.0.0 Safari/537.36",18.318618332949185,0.6425576519916144,311.95,0.9694,0.5387,0.6471,0.0718,6.89,196.53,-173.1,2.98,-8.87,21.0,99.0263,6.41,0.0,0.5144,0.3093,0.2319,0.4228,0.4925,0.0,100.0,8.379,1.0,0.0,0.0,10.04,5.11,0.0,0.0,196.31,99.89,436.73,0.0,64.18,196.53,1.0,1.02,0.64,0.0,0.0,2.63
3672ebf6-6315-42b1-bc91-94635e842359,Coding,0.3494684443065732,0.0658189265133114,0.4997866330547541,1.0,0.0,0.0218263678015104,0.0,0.4373193449983959,555.9,127.28735632183908,19.0,0.0,0.0,0.0,0.0994764397905759,0.0,23.0,191.0,1517387.2163157898,0.2323626755822125,0.0260416666666666,0.1403997844918192,0.3045313661133417,0.0704662044083657,0.8768854691125852,0.0,5.0,1.7489492643904123,0.0,0.0,0.0,5.0,885.5449390866202,0.3146626721564537,0.0780869348427495,0.2308,1.045,0.0,1.5267,2.4693,0.8056,0.1344,0.0,0.0,0.0,0.0,0.0255,0.0,1.0,0.0,0.0,0.0,0.0,0.0,339.40000000596046,70098.5,0.0,0.0,2.0,10504.0,1536x864,114970.0,0.0,"Mozilla/5.0 (Windows NT 10.0; Win64; x64) AppleWebKit/537.36 (KHTML, like Gecko) Chrome/150.0.0.0 Safari/537.36",13.066114044873542,0.6501048218029349,241.94,0.973,0.5537,0.3672,0.1005,8.97,117.19,-162.91,1.95,-7.21,27.0,17.4444,13.82,0.0,0.4883,0.3661,0.2746,0.4165,0.1841,0.0,100.0,13.007,1.0,0.0,0.0,3.79,3.23,0.0,0.0,117.06,99.89,522.6,0.0,50.56,117.19,1.0,1.08,0.85,0.0,0.0,3.33
3672ebf6-6315-42b1-bc91-94635e842359,MCQ,0.3114597736459827,0.1160641996475687,0.4741785241395532,1.0,0.0,0.0293285756276499,0.0,0.0,0.0,0.0,0.0,0.0,0.0,0.0,0.0,0.0,0.0,0.0,0.0,0.3662722887595426,6.0,0.1458157489122824,0.2687676651843697,0.2699541078016737,0.8727406661579712,0.0,6.0,4.126893504804794,0.0,1588.0,198.0,6.0,1357.0195096359178,0.3007124725501146,0.2426695311912648,0.625,0.0,0.0,22.1314,14.9161,0.672,0.5773,0.0,0.0,0.0,0.0,0.395,115.6,0.0,0.0,0.0,0.0,0.0,3811.2,382.59999999403954,17401.6,0.0,0.0,0.0,0.0,1536x864,23349.0,0.0,"Mozilla/5.0 (Windows NT 10.0; Win64; x64) AppleWebKit/537.36 (KHTML, like Gecko) Chrome/150.0.0.0 Safari/537.36",13.066114044873542,0.6368972746331237,220.22,0.9667,0.5335,0.5597,0.0822,15.73,24.62,-172.5,3.76,-9.32,10.0,1.1032,24.37,0.0,0.1436,0.3308,0.2481,0.4095,0.3943,0.0,100.0,18.726,1.0,0.0,0.0,7.94,32.25,0.0,0.0,24.56,99.73,400.4,0.0,156.96,24.62,1.0,1.41,0.79,0.0,0.0,4.01
de66ee8f-ba7d-47a6-87b9-15567a279299,Coding,0.3166975995126443,0.2857551078725532,0.4592850201263039,1.0,0.0,0.2653755960982873,3.065573770491804,0.3345134261197199,413.80078125,114.5420054200542,9.0,0.0,0.0,0.0,0.0386904761904761,0.0,16.0,220.0,250524.52401868632,0.2433293591700923,0.0226244343891402,0.249971002144911,0.495971241641934,0.0559931315092015,0.8000185590577952,0.0,5.0,4.235702594681104,0.0,0.0,0.0,5.0,1691.84692273807,0.2160112984481036,0.0580251808949368,0.17,1.586,0.0,1.8702,1.9233,0.7558,0.1556,0.0,3.74,1.0,3.58,0.0284,21.54,3.0,0.0,0.0,0.0,0.0,0.0,318.1999999284744,67433.5,0.0,0.0,0.0,0.0,Unknown,116302.0,0.0,Unknown,13.066114044873542,0.6309224318658281,213.545,0.96385,0.57605,0.64725,0.0862,446.055,3.725,-116.59,0.79,-3.23,4.0,0.0409,60.0,0.0,0.3333,0.3377,0.2533,0.45715,0.4992499999999999,0.0,100.0,10481.194,1.0,0.075,3.7,0.0,0.0,0.0,0.0,1.675,66.67,312.94,0.0,2329.5950000000003,3.725,1.0,95.145,3.92,0.0,0.0,6.675000000000001
de66ee8f-ba7d-47a6-87b9-15567a279299,Typing,0.3166975995126443,0.2857551078725532,0.4592850201263039,1.0,0.0,0.2653755960982873,3.065573770491804,0.3345134261197199,413.80078125,114.5420054200542,9.0,0.0,0.0,0.0,0.0386904761904761,0.0,16.0,220.0,250524.52401868632,0.2433293591700923,0.0226244343891402,0.249971002144911,0.495971241641934,0.0559931315092015,0.8000185590577952,0.0,5.0,4.235702594681104,0.0,0.0,0.0,5.0,1691.84692273807,0.2160112984481036,0.0580251808949368,0.17,1.586,0.0,1.8702,1.9233,0.7558,0.1556,0.0,3.74,1.0,3.58,0.0284,21.54,3.0,0.0,0.0,0.0,0.0,0.0,318.1999999284744,67433.5,0.0,0.0,0.0,0.0,Unknown,116302.0,0.0,Unknown,13.066114044873542,0.6309224318658281,213.545,0.96385,0.57605,0.64725,0.0862,446.055,3.725,-116.59,0.79,-3.23,4.0,0.0409,60.0,0.0,0.3333,0.3377,0.2533,0.45715,0.4992499999999999,0.0,100.0,10481.194,1.0,0.075,3.7,0.0,0.0,0.0,0.0,1.675,66.67,312.94,0.0,2329.5950000000003,3.725,1.0,95.145,3.92,0.0,0.0,6.675000000000001
de66ee8f-ba7d-47a6-87b9-15567a279299,Typing,0.3873983993255374,0.3220936324236795,0.5027138747151796,1.0,0.5128205128205129,0.2973997392077503,0.0,0.374337128999922,365.66013071895424,71.30851063829788,7.0,0.0,0.0,0.0,0.022801302931596,0.0,18.0,307.0,238516.4073646889,0.2213163507441773,0.0129870129870129,0.3567774417387944,0.6814138352259332,0.0344121543729245,0.7370405559797913,0.0,4.0,6.7493431693753045,0.0,100.0,16.0,4.0,1147.4280018120162,0.167933937248381,0.3359107674532284,1.0,0.0,0.0,18.8033,11.6879,0.3909,1.278,1.0,0.0,0.0,0.0,0.034,118.13,0.0,0.0,0.0,0.0,0.0,51.282051282051285,291.29999999981374,57344.0,0.0,0.0,0.0,0.0,1280x720,116302.0,0.0,"Mozilla/5.0 (Windows NT 10.0; Win64; x64) AppleWebKit/537.36 (KHTML, like Gecko) Chrome/150.0.0.0 Safari/537.36",13.374423498615531,0.6180293501048219,328.58,0.9577,0.6775,0.6126,0.195,562.86,3.55,-133.26,1.57,0.4,4.0,0.1036,67.63,0.0,0.3704,0.5078,0.3809,0.4871,0.3587,0.0,100.0,12205.569,1.0,0.0,0.0,0.0,0.0,0.0,0.0,2.76,77.78,525.72,0.0,2707.77,3.55,2.0,110.24,1.78,0.0,0.0,7.1
de66ee8f-ba7d-47a6-87b9-15567a279299,Coding,0.5108489625578081,0.1217316759537076,0.5464894091645853,0.963,0.2469135802469136,0.2211042290973497,0.0,0.8176964865719719,633.4382716049382,139.9727626459144,30.0,2.0,6.0,0.0,0.0923076923076923,2.0,87.0,325.0,6534531.030140213,0.30958737217266,0.0184049079754601,0.4165264842445963,0.6827659975325178,0.0248923406267891,0.7059522085344411,0.0,6.0,5.587887775887984,0.0,106.0,27.0,6.0,3880.475465053008,0.0426061458388663,0.3339821357152379,1.0,0.0,0.0,6.6222,0.1448,0.5422,0.9091,1.0,0.0,0.0,0.0,0.0123,21.54,0.0,0.0,0.0,0.0,0.0,26.17283950617284,295.79999999981374,165728.5,0.0,0.0,2.0,60980.0,1280x720,241801.0,0.0,"Mozilla/5.0 (Windows NT 10.0; Win64; x64) AppleWebKit/537.36 (KHTML, like Gecko) Chrome/150.0.0.0 Safari/537.36",13.066114044873542,0.5821298557713624,451.38,0.9494,0.6519,0.5522,0.2131,143.62,7.04,-158.11,0.18,-1.14,3.0,0.165,25.56,0.0,0.3077,0.53,0.3975,0.4532,0.2872,0.27,96.3,4620.309,1.0,0.0,0.0,0.0,0.0,0.0,0.0,6.23,85.19,541.65,0.27,1308.01,7.04,1.0,67.16,2.26,0.0,0.0,10.22
3672ebf6-6315-42b1-bc91-94635e842359,Typing,0.330948076975959,0.0879649473734343,0.4546766628693391,0.9955,0.0,0.3078102706775909,0.0,0.4708976872445556,527.214899713467,104.06686046511628,25.0,0.0,0.0,0.0,0.0714285714285714,0.0,23.0,350.0,250524.52401868632,0.2419380718497731,0.0113960113960113,0.284248641001329,0.5140165250659355,0.0209435048955442,0.7786654142147268,0.0,4.0,7.707902743670443,0.0,369.0,22.0,4.0,1943.2900658094384,0.2561952179362049,0.0325513000467883,0.1,0.999,0.0,1.2576,1.9233,0.7575,0.169,0.0,0.0,0.0,0.0,0.005,0.0,2.0,0.0,0.0,0.0,0.0,111.25628140703516,348.40000000596046,97895.5,0.0,0.0,1.0,1337.0,1536x864,197776.0,0.0,"Mozilla/5.0 (Windows NT 10.0; Win64; x64) AppleWebKit/537.36 (KHTML, like Gecko) Chrome/150.0.0.0 Safari/537.36",17.06311021290797,0.5784052487627191,301.86,0.9355,0.5744,0.6293,0.0761,88.08,98.95,-143.64,2.19,-10.97,61.0,8.3444,18.47,0.0,0.3158,0.3177,0.2383,0.4552,0.4704,0.89,99.55,10696.955,2.0,13.75,6.91,89.63,45.04,2.44,1.23,175.04,87.96,443.7,0.22,1765.12,196.56,1.0,102.13,14.66,0.11,0.11,7.24
46843b4f-bbd3-4f30-9d6d-200c8eb32546,Coding,0.2862715348896906,0.0,0.2948102176346743,1.0,17.77777777777778,0.3104591929828921,30.444444444444446,0.1831073339684454,125.3891891891892,107.5,0.0,0.0,3.0,0.0,0.0,0.0,2.0,186.0,60530.897180423664,0.3562117366841306,0.0160427807486631,0.2676636757240567,1.131439212397671,0.128068303094984,0.7888527684039112,0.0,3.0,5.316512590265256,0.0,0.0,0.0,3.0,2002.6840395767465,0.0258072887042269,0.0443414923862701,0.0326,2.202,0.0,3.3526,17.5952,0.6926,0.0702,8.0,8.22,2.0,4.26,0.3911,85.71,5.0,0.0,0.0,0.0,0.0,0.0,284.40000000037253,18601.5,1.0,0.0,0.0,0.0,1536x864,26146.0,1.0,"Mozilla/5.0 (Windows NT 10.0; Win64; x64) AppleWebKit/537.36 (KHTML, like Gecko) Chrome/150.0.0.0 Safari/537.36",13.066114044873542,0.5614255765199161,0.0,0.9307,0.7714,0.7713,0.0783,934.24,0.87,-127.03,40.53,-6.72,0.0,0.0,0.0,0.0,0.1429,0.3231,0.2423,0.6502,0.6098,0.0,100.0,15539.641,1.0,0.06,7.14,0.0,0.0,0.0,0.0,0.72,82.14,0.0,0.0,11406.08,0.87,1.0,124.56,2.88,0.0,0.0,4.11
3672ebf6-6315-42b1-bc91-94635e842359,Coding,0.319456844558206,0.0795351716911939,0.4077556152996674,1.0,0.0,0.1197078977166899,14.3515625,0.4255808640761265,638.9058823529411,127.48520710059172,9.0,0.0,0.0,0.0,0.0526315789473684,0.0,21.0,171.0,891524.0499653982,0.219302143636708,0.0232558139534883,0.1469821560084581,0.3059646152286695,0.0328504319831805,0.8718531450219229,0.0,4.0,2.183613081561245,0.0,0.0,0.0,4.0,927.0432987701196,0.0,0.000239968004266,0.0026,27.557,0.0,0.0622,0.3324,0.9659,0.0084,0.0,55.11,2.0,42.45,0.0077,0.0,2.0,0.0,0.0,0.0,0.0,0.0,398.0,70155.5,0.0,0.0,2.0,7712.0,1536x864,127539.0,0.0,"Mozilla/5.0 (Windows NT 10.0; Win64; x64) AppleWebKit/537.36 (KHTML, like Gecko) Chrome/150.0.0.0 Safari/537.36",13.066114044873542,0.6327044025157232,279.7,0.9647,0.587,0.7561,0.0588,66.25,129.32,168.67,3.71,-6.26,36.0,16.1403,16.7,0.0,0.4794,0.2798,0.2098,0.4821,0.6162,0.0,100.0,2487.631,1.0,125.29,96.89,3.74,2.89,0.0,0.0,1.29,1.0,431.54,0.0,2502.06,129.32,1.0,49.66,1.32,0.0,0.0,4.45
3672ebf6-6315-42b1-bc91-94635e842359,MCQ,0.3353369020413352,0.0921083964375863,0.2356905479135994,1.0,0.0,0.0968912238074239,51.2,0.0,0.0,0.0,0.0,0.0,0.0,0.0,0.0,0.0,0.0,0.0,0.0,0.4355294417416013,6.0,0.0950161091159154,0.1874410269797248,0.1250312578144536,0.913228574150723,0.0,6.0,3.434518651477517,0.0,2727.0,236.0,6.0,2561.1777826987045,0.4573920515005421,0.2752101999667165,0.1458,4.256,0.157,1.4367,4.1753,0.7364,0.1321,0.0,28.16,5.0,13.99,1.4882,67.08,7.0,2.0,0.3366,20.2,1.0653,2974.909090909091,534.0999999940395,32082.2,0.0,0.0,1.0,1403.0,1536x864,53965.0,0.0,"Mozilla/5.0 (Windows NT 10.0; Win64; x64) AppleWebKit/537.36 (KHTML, like Gecko) Chrome/150.0.0.0 Safari/537.36",13.066114044873542,0.6306079664570231,248.4,0.9637,0.5521,0.7398,0.0514,94.49,55.86,166.63,3.37,-6.19,18.0,3.1775,19.34,0.0,0.0896,0.2615,0.1961,0.4541,0.6091,0.0,100.0,2633.516,1.0,54.19,97.01,0.07,0.12,0.0,0.0,0.8,1.43,400.4,0.0,5393.25,55.86,1.0,51.27,0.82,0.0,0.0,2.08
46843b4f-bbd3-4f30-9d6d-200c8eb32546,Coding,0.3704876799773967,0.2445111206362814,0.5110870604062939,0.9931,0.5357142857142857,0.0718470975742947,0.0,0.3583439581171972,413.80078125,153.27312775330395,5.0,0.0,0.0,0.0,0.0194552529182879,0.0,28.0,257.0,216075.19859313965,0.2488389745233508,0.0116279069767441,0.2289958838606485,0.6925605454514678,0.0368858505877145,0.813672375255397,0.0,3.0,3.5828389154241296,0.0,0.0,0.0,3.0,910.5874862571484,0.2569606545751024,0.223081346433848,0.6667,0.0,0.0,6.432,0.9596,0.7189,0.457,1.0,0.0,0.0,0.0,0.0178,174.49,0.0,0.0,0.0,0.0,0.0,0.0,286.90000000037253,94681.0,0.0,0.0,0.0,0.0,1536x864,110590.0,0.0,"Mozilla/5.0 (Windows NT 10.0; Win64; x64) AppleWebKit/537.36 (KHTML, like Gecko) Chrome/150.0.0.0 Safari/537.36",13.066114044873542,0.6516864408351911,317.97,0.9754,0.5891,0.6777,0.1054,34.2,53.76,174.51,2.91,-3.12,46.0,0.5304,51.34,0.0,0.4837,0.3748,0.2811,0.4486,0.4903,0.38,99.31,324.737,1.0,53.38,98.61,0.75,1.39,0.38,0.69,0.0,0.0,500.05,0.25,2871.98,53.76,1.0,17.05,1.84,0.0,0.0,5.52
46843b4f-bbd3-4f30-9d6d-200c8eb32546,Typing,0.3003276514353589,0.29547078154022,0.4588640353612854,1.0,0.9836065573770492,0.0519674367098084,0.0,0.2593324048018371,297.5602094240838,88.2,17.0,0.0,0.0,0.0,0.0885416666666666,0.0,3.0,192.0,90210.26731723364,0.2409007198919962,0.0207253886010362,0.2918473074239747,0.7529937431615318,0.168010752688172,0.7740852918554774,1.0,4.0,3.3541019662496847,0.0,0.0,0.0,4.0,760.5471495995517,0.0,0.0836770617603903,0.25,0.0,0.0,11.4384,7.0246,0.6785,0.3426,1.0,0.0,0.0,0.0,0.0162,0.0,0.0,0.0,0.0,0.0,0.0,0.0,274.8999999994412,29311.5,0.0,0.0,0.0,0.0,1536x864,59730.0,0.0,"Mozilla/5.0 (Windows NT 10.0; Win64; x64) AppleWebKit/537.36 (KHTML, like Gecko) Chrome/150.0.0.0 Safari/537.36",1.606819464423496,0.6174004192872119,69.08,0.9574,0.6008,0.6417,0.1052,82.87,1.93,176.36,1.14,2.04,2.0,0.0,62.04,0.0,0.6429,0.3745,0.2809,0.4604,0.4544,0.0,100.0,40.421,1.0,1.87,96.43,0.0,0.0,0.0,0.0,0.0,0.0,69.08,0.0,260.83,1.93,1.0,1.57,1.56,0.0,0.0,5.96
46843b4f-bbd3-4f30-9d6d-200c8eb32546,Coding,0.3936227700152482,0.0,0.5023522400403442,0.9643,0.7317073170731707,0.3624618181919242,0.0,0.3116714758934715,343.4241071428572,124.25675675675676,15.0,2.0,7.0,0.0,0.0666666666666666,4.0,7.0,225.0,300377.6817402743,0.3813966368380829,0.0309734513274336,0.2306181167560342,0.7723480533381074,0.1103648346104121,0.8125997711101847,0.0,7.0,3.6704525909242074,0.0,239.0,33.0,7.0,2680.3359747664936,0.3140542430397556,0.2703412572639981,0.8,0.0,0.0,5.7957,2.9837,0.7524,0.3871,1.0,0.0,0.0,0.0,0.0483,151.06,0.0,0.0,0.0,0.0,0.0,174.8780487804878,287.29999999981374,70557.5,0.0,0.0,0.0,0.0,1536x864,81074.0,0.0,"Mozilla/5.0 (Windows NT 10.0; Win64; x64) AppleWebKit/537.36 (KHTML, like Gecko) Chrome/150.0.0.0 Safari/537.36",13.066114044873542,0.6110817100654401,0.0,0.9629,0.6013,0.6248,0.1109,970.02,2.49,138.46,6.34,7.83,0.0,0.0,0.0,0.0,0.6667,0.3844,0.2883,0.4571,0.4326,0.09,96.43,13610.031,1.0,1.84,71.43,0.0,0.0,0.09,3.57,0.0,0.0,0.0,0.09,4266.33,2.49,1.0,111.47,34.05,0.0,0.0,5.06
46843b4f-bbd3-4f30-9d6d-200c8eb32546,MCQ,0.360025743907897,0.9334190598656952,0.5018158069644306,1.0,0.0,0.0062554583305462,0.0,0.0,0.0,0.0,0.0,0.0,0.0,0.0,0.0,0.0,0.0,0.0,0.0,0.4082807849906317,6.0,0.3086615101887781,0.8270764445816756,0.7754943776657619,0.7641395366291067,0.0,6.0,5.676462121975468,0.0,1711.0,196.0,6.0,1383.5021596958245,0.1390667901679582,0.3882163206199922,0.7143,0.0,0.0,87.0379,52.1277,0.5838,0.957,0.0,0.0,0.0,0.0,1.0355,93.43,0.0,0.0,0.2071,12.43,1.6541,11406.666666666668,276.3999999994412,4571.2,0.0,0.0,0.0,0.0,1536x864,7860.0,0.0,"Mozilla/5.0 (Windows NT 10.0; Win64; x64) AppleWebKit/537.36 (KHTML, like Gecko) Chrome/150.0.0.0 Safari/537.36",13.066114044873542,0.6436058700209643,109.33,0.9699,0.6056,0.5988,0.1079,211.32,0.31,176.66,-1.9,14.66,1.0,0.0,195.99,0.0,0.1786,0.3793,0.2845,0.4634,0.4091,0.0,100.0,5.856,1.0,0.3,96.43,0.0,0.0,0.24,78.57,0.0,0.0,109.33,0.0,487.33,0.31,1.0,0.95,1.38,0.0,0.0,1.75
b5e3653f-01b5-4237-b1b3-9541ef8b1ae2,Coding,0.3166975995126443,0.2857551078725532,0.4592850201263039,1.0,0.0,0.2653755960982873,3.065573770491804,0.3345134261197199,413.80078125,114.5420054200542,9.0,0.0,0.0,0.0,0.0386904761904761,0.0,16.0,220.0,250524.52401868632,0.2433293591700923,0.0226244343891402,0.249971002144911,0.495971241641934,0.0559931315092015,0.8000185590577952,0.0,5.0,4.235702594681104,0.0,0.0,0.0,5.0,1691.84692273807,0.2160112984481036,0.0580251808949368,0.17,1.586,0.0,1.8702,1.9233,0.7558,0.1556,0.0,3.74,1.0,3.58,0.0284,21.54,3.0,0.0,0.0,0.0,0.0,0.0,318.1999999284744,67433.5,0.0,0.0,0.0,0.0,Unknown,116302.0,0.0,Unknown,13.066114044873542,0.6309224318658281,213.545,0.96385,0.57605,0.64725,0.0862,446.055,3.725,-116.59,0.79,-3.23,4.0,0.0409,60.0,0.0,0.3333,0.3377,0.2533,0.45715,0.4992499999999999,0.0,100.0,10481.194,1.0,0.075,3.7,0.0,0.0,0.0,0.0,1.675,66.67,312.94,0.0,2329.5950000000003,3.725,1.0,95.145,3.92,0.0,0.0,6.675000000000001
b5e3653f-01b5-4237-b1b3-9541ef8b1ae2,Coding,0.3166975995126443,0.2857551078725532,0.4592850201263039,1.0,0.0,0.2653755960982873,3.065573770491804,0.3345134261197199,413.80078125,114.5420054200542,9.0,0.0,0.0,0.0,0.0386904761904761,0.0,16.0,220.0,250524.52401868632,0.2433293591700923,0.0226244343891402,0.249971002144911,0.495971241641934,0.0559931315092015,0.8000185590577952,0.0,5.0,4.235702594681104,0.0,0.0,0.0,5.0,1691.84692273807,0.2160112984481036,0.0580251808949368,0.17,1.586,0.0,1.8702,1.9233,0.7558,0.1556,0.0,3.74,1.0,3.58,0.0284,21.54,3.0,0.0,0.0,0.0,0.0,0.0,318.1999999284744,67433.5,0.0,0.0,0.0,0.0,Unknown,116302.0,0.0,Unknown,13.066114044873542,0.6309224318658281,213.545,0.96385,0.57605,0.64725,0.0862,446.055,3.725,-116.59,0.79,-3.23,4.0,0.0409,60.0,0.0,0.3333,0.3377,0.2533,0.45715,0.4992499999999999,0.0,100.0,10481.194,1.0,0.075,3.7,0.0,0.0,0.0,0.0,1.675,66.67,312.94,0.0,2329.5950000000003,3.725,1.0,95.145,3.92,0.0,0.0,6.675000000000001
b5e3653f-01b5-4237-b1b3-9541ef8b1ae2,Coding,0.3364328663618995,0.4488260227651569,0.4861157426179936,0.963,0.0,0.4396093797962266,0.0,0.3575643195432468,418.7848101265823,162.1639344262295,21.0,0.0,0.0,0.0,0.088235294117647,0.0,66.0,238.0,418333.8482080858,0.2414656686443651,0.0125523012552301,0.2879765278969329,0.7240829269546886,0.0368315081274861,0.7764116646076197,0.0,3.0,4.645226044015511,0.0,0.0,0.0,3.0,1308.1493463216018,0.2756706652517962,0.1109028583858983,0.3333,0.0,0.0,8.3497,0.0316,0.68,0.3778,0.0,0.0,0.0,0.0,0.0093,0.0,0.0,0.0,0.0,0.0,0.0,0.0,1434.0,88202.5,0.0,0.0,0.0,0.0,1536x864,105992.0,0.0,"Mozilla/5.0 (Windows NT 10.0; Win64; x64) AppleWebKit/537.36 (KHTML, like Gecko) Chrome/150.0.0.0 Safari/537.36",13.066114044873542,0.6357986188740877,146.93,0.975,0.6833,0.7355,0.1533,876.95,3.18,-106.11,-8.79,3.17,5.0,0.2136,94.24,0.0,0.2308,0.4485,0.3364,0.5151,0.5113,0.12,96.3,19622.081,1.0,0.12,3.7,0.0,0.0,0.0,0.0,2.08,62.96,244.88,0.12,2919.07,3.18,1.0,136.18,32.3,0.0,0.0,5.76
b5e3653f-01b5-4237-b1b3-9541ef8b1ae2,Coding,0.3534858211373921,0.3732914225841787,0.4798623457919034,0.963,0.0,0.2454678534372325,0.0,0.4775710722712984,301.1060291060291,164.07692307692307,30.0,0.0,0.0,0.0,0.0622406639004149,0.0,258.0,482.0,408420.0241008659,0.2194971145618082,0.0062111801242236,0.2740387937735823,0.5990268808751097,0.026729153487709,0.7849054556950299,0.0,3.0,3.605551275463989,0.0,0.0,0.0,3.0,1256.1873886333367,0.1423887860742684,0.1106362272700471,0.3333,0.351,0.0,2.4188,2.4095,0.7141,0.3342,0.0,0.0,0.0,0.0,0.0063,0.0,1.0,0.0,0.0,0.0,0.0,0.0,2231.099999904633,131011.5,0.0,0.0,1.0,4008.0,1536x864,155091.0,0.0,"Mozilla/5.0 (Windows NT 10.0; Win64; x64) AppleWebKit/537.36 (KHTML, like Gecko) Chrome/150.0.0.0 Safari/537.36",13.066114044873542,0.6062388704464148,206.11,0.9609,0.7096,0.7709,0.1845,144.51,4.59,-157.7,3.66,5.72,6.0,0.5293,78.38,0.0,0.2692,0.4946,0.371,0.5241,0.5236,0.18,96.3,3625.223,1.0,0.0,0.0,0.0,0.0,0.0,0.0,4.24,88.89,353.32,0.18,1037.3,4.59,1.0,48.44,34.75,0.0,0.0,8.43
b5e3653f-01b5-4237-b1b3-9541ef8b1ae2,Typing,0.4011228540038024,0.5021669762347002,0.5053580110720688,0.963,0.0,0.2204251205285083,0.0,0.4591515243647242,448.14933333333335,161.26608187134502,33.0,0.0,0.0,0.0,0.0877659574468085,0.0,43.0,376.0,303004.1376995559,0.2013290903056886,0.0079575596816976,0.3149737255684984,0.6505417609101389,0.0257018753801735,0.7604714684072286,0.0,3.0,7.211102550927978,0.0,0.0,0.0,3.0,844.859416930865,0.2483512556481594,0.3344176332044616,1.0,0.0,0.0,4.7451,0.0207,0.6973,0.479,0.0,0.0,0.0,0.0,0.0172,0.0,0.0,0.0,0.0,0.0,0.0,0.0,366.5,85088.5,0.0,0.0,0.0,0.0,1536x864,173242.0,0.0,"Mozilla/5.0 (Windows NT 10.0; Win64; x64) AppleWebKit/537.36 (KHTML, like Gecko) Chrome/150.0.0.0 Safari/537.36",9.460472585001687,0.6095931681403352,218.87,0.9625,0.7052,0.6964,0.1781,233.34,5.12,-156.26,-10.79,1.83,9.0,0.0485,105.44,0.0,0.3846,0.4865,0.3649,0.5227,0.4531,0.2,96.3,5640.967,1.0,0.0,0.0,0.0,0.0,0.0,0.0,4.53,85.19,393.96,0.2,1776.4,5.12,1.0,67.0,33.86,0.0,0.0,2.49
b5e3653f-01b5-4237-b1b3-9541ef8b1ae2,Coding,0.3873059263891311,0.1627851597847311,0.5171330470520079,1.0,0.0,0.2533267446982791,0.0,0.4210841521202802,551.3271604938271,132.22608695652173,65.0,0.0,0.0,0.0,0.3987730061349693,0.0,11.0,163.0,1615457.7016079875,0.3138451067128103,0.0365853658536585,0.2389928991901473,0.4903755599839285,0.0551790099046322,0.8071071276144018,0.0,6.0,4.930770730829005,0.0,0.0,0.0,6.0,3580.0319697828454,0.2972117485476542,0.1673342790085489,0.5,0.0,0.0,4.6919,2.7379,0.7311,0.3293,0.0,0.0,0.0,0.0,0.0174,0.0,0.0,0.0,0.0,0.0,0.0,0.0,2211.3000000715256,79698.0,0.0,0.0,1.0,2377.0,1536x864,113317.0,0.0,"Mozilla/5.0 (Windows NT 10.0; Win64; x64) AppleWebKit/537.36 (KHTML, like Gecko) Chrome/150.0.0.0 Safari/537.36",13.066114044873542,0.6469601677148847,195.07,0.9715,0.6683,0.7253,0.1787,439.37,3.51,-130.67,-3.31,1.52,2.0,0.0,34.18,0.0,0.4444,0.484,0.363,0.4868,0.4833,0.0,100.0,11273.096,1.0,0.13,3.7,0.0,0.0,0.0,0.0,2.73,77.78,260.09,0.0,2668.33,3.51,1.0,106.08,2.26,0.0,0.0,3.93
b5e3653f-01b5-4237-b1b3-9541ef8b1ae2,MCQ,0.3288783944006677,0.2352717054817354,0.4727201196321997,1.0,0.0,0.5149677710705975,0.0,0.0,0.0,0.0,0.0,0.0,0.0,0.0,0.0,0.0,0.0,0.0,0.0,0.479985707746848,8.0,0.1676184467559416,0.3251651489200076,0.2592772646248582,0.8564441601435425,1.0,8.0,4.48086208223373,0.0,1886.0,332.0,8.0,1701.5041745469164,0.2849631084592946,0.2189660249920913,0.625,0.0,0.0,14.4467,13.7488,0.6116,0.8576,0.0,0.0,0.0,0.0,0.1283,114.68,0.0,0.0,0.0,0.0,0.0,2977.894736842105,2351.200000047684,16061.2,0.0,0.0,0.0,0.0,1536x864,35282.0,0.0,"Mozilla/5.0 (Windows NT 10.0; Win64; x64) AppleWebKit/537.36 (KHTML, like Gecko) Chrome/150.0.0.0 Safari/537.36",13.066114044873542,0.6165618448637317,359.85,0.957,0.6527,0.7276,0.1169,2243.42,1.21,-6.5,-2.86,-0.19,1.0,0.0,49.4,0.0,0.3333,0.3916,0.2937,0.5058,0.5318,0.0,100.0,30037.616,1.0,0.4,33.33,0.04,3.7,0.0,0.0,0.45,37.04,359.85,0.0,7960.05,1.21,1.0,173.1,3.11,0.0,0.0,8.06
7e08639a-4d15-4d8c-8f70-d96439e8fbab,Typing,0.3465580617440928,0.2272229366099919,0.411401086655377,0.963,0.0,0.3997337348026661,12.331797235023044,0.548070007574256,485.2857142857143,121.30747922437672,32.0,0.0,0.0,0.0,0.0747663551401869,0.0,78.0,428.0,1042793.1736366702,0.2408507694525411,0.0116550116550116,0.1801190537407455,0.3632473120653961,0.0236390971756006,0.8473721332014735,0.0,5.0,2.173067468400883,0.0,0.0,0.0,5.0,1445.6173889777351,0.2543656761808147,0.005328364702321,0.0174,13.378,0.0,0.1814,0.574,0.9081,0.0336,0.0,26.76,2.0,15.53,0.0093,0.0,2.0,0.0,0.0,0.0,0.0,0.0,326.5,106861.0,0.0,0.0,1.0,9073.0,1536x864,215684.0,0.0,"Mozilla/5.0 (Windows NT 10.0; Win64; x64) AppleWebKit/537.36 (KHTML, like Gecko) Chrome/150.0.0.0 Safari/537.36 Edg/150.0.0.0",12.125475354154208,0.5919831052472532,338.59,0.9541,0.67,0.6396,0.1992,369.51,6.29,-108.32,-2.37,8.64,5.0,0.1279,47.71,0.0,0.3846,0.5133,0.385,0.4775,0.383,0.24,96.3,19667.707,1.0,0.48,7.41,0.0,0.0,0.97,14.81,4.11,62.96,483.7,0.24,1483.04,6.29,1.0,139.99,2.25,0.0,0.0,8.13
7e08639a-4d15-4d8c-8f70-d96439e8fbab,Coding,0.3122978835537273,0.2654664952136019,0.3796476571377249,0.963,0.0,0.0437450998398053,14.060810810810809,0.4320675809872126,544.1377952755905,111.86138613861388,47.0,2.0,3.0,0.0,0.1843137254901961,2.0,47.0,255.0,641278.5676266358,0.2439977345441868,0.01953125,0.2534026305333567,0.496358466745799,0.0341574384653746,0.7978282282481511,0.0,5.0,2.78738789012222,0.0,0.0,0.0,5.0,1763.0289665977782,0.2160112984481036,0.0018978304173885,0.0078,10.404,0.0,0.1788,0.6401,0.9285,0.0249,0.0,20.81,2.0,11.14,0.0068,0.0,2.0,0.0,0.0,0.0,0.0,0.0,321.2000000476837,107815.0,0.0,0.0,1.0,3174.0,1536x864,146398.0,0.0,"Mozilla/5.0 (Windows NT 10.0; Win64; x64) AppleWebKit/537.36 (KHTML, like Gecko) Chrome/150.0.0.0 Safari/537.36 Edg/150.0.0.0",13.066114044873542,0.5712283882661214,289.83,0.9442,0.6972,0.6581,0.2209,28.17,4.31,-173.93,-3.61,13.4,4.0,0.189,55.74,0.0,0.5769,0.5425,0.4069,0.4938,0.3869,0.17,96.3,33.127,1.0,0.0,0.0,0.0,0.0,2.32,51.85,4.14,92.59,331.24,0.17,117.34,4.31,1.0,1.91,2.03,0.0,0.0,5.03
7e08639a-4d15-4d8c-8f70-d96439e8fbab,MCQ,0.3267435126247392,0.0,0.4767889470880509,1.0,0.0,0.4355905451472386,0.0,0.0,0.0,0.0,0.0,0.0,0.0,0.0,0.0,0.0,0.0,0.0,0.0,0.3826413160101247,8.0,0.1468314550433698,0.2819542473228006,0.2410945693448254,0.871967712083885,0.0,8.0,2.9399997646117173,0.0,1106.0,122.0,8.0,2634.991216412234,0.3686157089621713,0.2974983529374694,0.7692,0.0,0.077,15.1593,9.3927,0.6434,0.6724,0.0,0.0,0.0,0.0,0.2867,132.73,0.0,1.0,0.0573,3.44,1.2003,1793.513513513513,318.1999999284744,23442.2,0.0,0.0,0.0,0.0,1536x864,34836.0,0.0,"Mozilla/5.0 (Windows NT 10.0; Win64; x64) AppleWebKit/537.36 (KHTML, like Gecko) Chrome/150.0.0.0 Safari/537.36 Edg/150.0.0.0",13.066114044873542,0.6268343815513626,0.0,0.9619,0.5445,0.6191,0.1387,393.43,1.11,72.58,-0.08,-6.18,0.0,0.0,0.0,0.0,0.037,0.4299,0.3225,0.3833,0.4041,0.0,100.0,26782.348,1.0,0.74,66.67,0.04,3.7,0.0,0.0,0.29,25.93,0.0,0.0,8686.34,1.11,1.0,163.59,1.21,0.0,0.0,4.21
0c745563-cc6e-49cd-9a07-5bbd371a5fc8,Typing,0.2976018075014145,0.0,0.3997038230880385,1.0,0.0,0.3724256011985486,14.857142857142858,0.3568636349932175,317.9305993690852,100.56129032258065,11.0,0.0,0.0,0.0,0.0345911949685534,0.0,15.0,318.0,130315.32010468816,0.184248701964438,0.0094043887147335,0.2490083454399426,0.4536699118267438,0.045376854778939,0.8006351628081126,0.0,3.0,2.7950849718747373,0.0,0.0,0.0,3.0,729.3020027340575,0.1350548608263568,0.0079951026916082,0.0203,4.251,0.0,0.2456,1.0202,0.9197,0.0232,0.0,15.6,3.0,6.92,0.0284,0.0,4.0,0.0,0.0,0.0,0.0,0.0,318.1999999284744,51348.0,0.0,0.0,0.0,0.0,1536x864,103572.0,0.0,"Mozilla/5.0 (Windows NT 10.0; Win64; x64) AppleWebKit/537.36 (KHTML, like Gecko) Chrome/150.0.0.0 Safari/537.36",19.527764206798068,0.6412997903563942,0.0,0.9688,0.5065,0.7068,0.0386,497.24,3.28,-156.1,-22.69,16.74,0.0,0.0,0.0,0.0,0.7143,0.2266,0.17,0.4215,0.5935,0.0,100.0,7033.439,1.0,0.0,0.0,0.0,0.0,2.11,64.29,3.05,92.86,0.0,0.0,3026.52,3.28,1.0,64.23,52.49,0.0,0.0,12.33
0c745563-cc6e-49cd-9a07-5bbd371a5fc8,Typing,0.306166103323519,0.5114540172405582,0.3985344865959304,0.9643,0.0,0.5028345924516635,14.16153846153846,0.3933028270685679,372.3223880597015,104.81875,13.0,0.0,0.0,0.0,0.0386904761904761,0.0,24.0,336.0,163629.63337937175,0.2038640291157138,0.0118694362017804,0.3852704012676862,0.6455696922333704,0.0511456628477905,0.7218807238535392,0.0,4.0,4.886994582499833,0.0,0.0,0.0,4.0,1493.0205216184754,0.1953327534261305,0.0050950923273728,0.015,9.205,0.0,0.2291,0.8441,0.9188,0.0259,0.0,18.41,2.0,10.76,0.0157,0.0,2.0,0.0,0.0,0.0,0.0,0.0,318.1999999284744,63530.0,0.0,0.0,0.0,0.0,1536x864,128428.0,0.0,"Mozilla/5.0 (Windows NT 10.0; Win64; x64) AppleWebKit/537.36 (KHTML, like Gecko) Chrome/150.0.0.0 Safari/537.36",23.75474188096724,0.6224024647824214,206.93,0.9683,0.5095,0.7014,0.0379,562.28,3.91,-141.58,22.01,11.08,7.0,0.0402,107.39,0.0,0.3704,0.2247,0.1685,0.4252,0.5891,0.14,96.43,12650.943,1.0,0.0,0.0,0.0,0.0,1.59,39.29,3.33,82.14,434.56,0.14,2628.96,3.91,1.0,90.89,64.54,0.0,0.0,15.0
0c745563-cc6e-49cd-9a07-5bbd371a5fc8,Coding,0.3148077339836356,0.5131685478877935,0.4007900917466855,0.9643,0.0,0.294985546333928,13.46511627906977,0.3938611819281857,356.4597701149425,118.38187702265373,7.0,0.0,0.0,0.0,0.0200573065902578,0.0,58.0,349.0,125776.92654247582,0.2488739250795659,0.0142857142857142,0.2555703880518474,0.5342016620125652,0.0642161773393953,0.7964507681258776,0.0,5.0,4.235702594681104,0.0,0.0,0.0,5.0,1690.752265096542,0.2719711500144365,0.0049948316496106,0.0147,6.309,0.0,0.2094,0.8089,0.9234,0.0232,0.0,17.37,2.0,9.61,0.0157,0.0,3.0,0.0,0.0,0.0,0.0,0.0,318.1999999284744,89527.5,0.0,0.0,0.0,0.0,1536x864,127990.0,0.0,"Mozilla/5.0 (Windows NT 10.0; Win64; x64) AppleWebKit/537.36 (KHTML, like Gecko) Chrome/150.0.0.0 Safari/537.36",13.066114044873542,0.6115009972771802,165.0,0.9631,0.526,0.6825,0.0439,362.8,3.9,-168.01,-7.72,11.93,7.0,0.0515,107.75,0.0,0.2963,0.2416,0.1812,0.4354,0.5617,0.14,96.43,3549.111,1.0,0.0,0.0,0.0,0.0,1.44,35.71,3.75,92.86,288.75,0.14,1283.41,3.9,1.0,5.76,57.65,0.0,0.0,13.86
d56531db-3dac-4691-926d-addecc5b2892,Coding,0.350180744063929,0.1343049007001,0.3535857869448786,0.7037,0.0,0.5512616645064523,4.56934306569343,0.3702331514013468,555.4272727272727,134.03061224489795,7.0,0.0,0.0,0.0,0.063063063063063,0.0,4.0,111.0,1290624.244710744,0.5609401246982753,0.1875,0.5162030140414183,0.8276355795855356,0.2235826457279744,0.659542284733041,1.0,20.0,20.21069573820313,0.0,0.0,0.0,21.0,7356.922829710452,0.0,0.0786985823346263,0.1362,1.978,0.0,2.0623,3.7461,0.7558,0.175,0.0,12.52,3.0,5.82,0.3236,160.95,10.0,0.0,0.0202,1.21,0.8172,0.0,318.1999999284744,83260.0,0.0,0.0,1.0,1176.0,1536x864,98792.0,0.0,"Mozilla/5.0 (Windows NT 10.0; Win64; x64) AppleWebKit/537.36 (KHTML, like Gecko) Chrome/149.0.0.0 Safari/537.36",13.066114044873542,0.3908511178214675,111.97,0.92,0.5777,0.72,0.0792,486.25,2.13,-133.46,-9.4,2.26,1.0,0.0,28.2,0.0,0.4737,0.3214,0.241,0.4572,0.5594,0.9,70.37,13440.075,1.0,0.0,0.0,0.11,3.7,0.56,18.52,1.57,51.85,111.97,0.22,1645.62,2.13,2.0,106.32,40.41,0.0,0.0,22.43
46843b4f-bbd3-4f30-9d6d-200c8eb32546,Typing,0.2565357254381281,0.0038576939562794,0.2390976045367178,1.0,5.306122448979592,0.3015886086321192,18.931972789115644,0.4143070182777226,419.7113095238095,101.68195718654434,25.0,0.0,0.0,0.0,0.0741839762611275,0.0,20.0,337.0,181096.19344352328,0.2747058547544253,0.0118343195266272,0.249971002144911,0.6118839485302493,0.0311900566099527,0.8000185590577952,1.0,4.0,15.0,0.0,0.0,0.0,4.0,2305.894201019036,0.2219335823742474,0.0037966953870313,0.0117,9.277,0.0,0.1671,0.725,0.9204,0.0212,13.0,27.83,3.0,13.17,0.0135,0.0,3.0,0.0,0.0,0.0,0.0,0.0,793.3999999985099,71499.0,0.0,0.0,0.0,0.0,1536x864,145735.0,0.0,"Mozilla/5.0 (Windows NT 10.0; Win64; x64) AppleWebKit/537.36 (KHTML, like Gecko) Chrome/149.0.0.0 Safari/537.36",4.471848610565813,0.3333333333333333,164.44,0.8219,0.5882,0.5664,0.1204,300.55,148.0,-149.18,-1.52,-1.62,2.0,0.0,0.81,0.0,0.0022,0.4002,0.3001,0.4381,0.3663,0.0,100.0,9167.027,1.0,2.47,1.67,2.14,1.44,0.82,0.56,127.94,86.44,164.44,0.0,2422.29,148.0,1.0,93.56,18.77,0.0,0.0,7.83
d56531db-3dac-4691-926d-addecc5b2892,Coding,0.3291895863787696,0.4587798256893842,0.3459053753943224,0.7857,0.7894736842105263,0.6358482055299126,17.894736842105264,0.5016521817286258,656.2920792079208,159.94059405940595,11.0,0.0,0.0,0.0,0.0541871921182266,0.0,19.0,203.0,1809282.5533035973,0.2978020199999234,0.0441176470588235,0.2863888505299601,0.4908619147550671,0.0627877773126831,0.7773699216904942,0.0,8.0,5.4072871502500695,0.0,0.0,0.0,9.0,2598.5669994057243,0.1640794968837192,0.003903713179129,0.0121,9.178,0.0,0.1229,0.5513,0.9361,0.0158,2.0,27.2,2.0,19.26,0.0132,16.02,3.0,0.0,0.0,0.0,0.0,0.0,1283.9000000059605,124077.5,0.0,0.0,4.0,13829.0,1536x864,150116.0,0.0,"Mozilla/5.0 (Windows NT 10.0; Win64; x64) AppleWebKit/537.36 (KHTML, like Gecko) Chrome/149.0.0.0 Safari/537.36",13.066114044873542,0.5134004306074004,226.49,0.9589,0.6452,0.7264,0.0842,805.74,3.74,64.81,6.76,8.73,6.0,0.0416,96.33,0.0,0.3636,0.3325,0.2494,0.5205,0.5601,1.02,78.57,27314.182,1.0,1.7,35.71,0.0,0.0,1.02,21.43,0.51,10.71,339.74,0.17,2094.37,3.74,1.0,160.96,33.93,0.0,0.0,16.01
d110df70-897c-4a9a-9905-3ef06108d71f,Coding,0.310785701247615,0.1153021860265752,0.3527839046448814,0.9259,0.0,0.44363851829638,15.75,0.3653003226518088,497.969512195122,112.66451612903226,3.0,0.0,0.0,0.0,0.0181818181818181,0.0,14.0,165.0,923468.0905339082,0.3201635788053041,0.0662650602409638,0.3101860385928716,0.5614048643967184,0.1459214942361009,0.7632503862382713,1.0,11.0,4.942244555867304,0.0,0.0,0.0,11.0,2430.812997242076,0.3139801929254353,0.0309953949414814,0.0629,3.873,0.0,6.0945,37.9363,0.2096,0.6735,0.0,13.86,2.0,9.04,0.127,98.54,4.0,0.0,0.0,0.0,0.0,0.0,318.1999999284744,53887.0,1.0,0.0,1.0,4805.0,1536x864,86826.0,0.0,"Mozilla/5.0 (Windows NT 10.0; Win64; x64) AppleWebKit/537.36 (KHTML, like Gecko) Chrome/149.0.0.0 Safari/537.36",13.066114044873542,0.526683508591866,99.13,0.9318,0.6933,0.804,0.1336,866.23,2.48,-116.47,7.51,12.55,1.0,0.0,24.21,0.0,0.64,0.4206,0.3155,0.5355,0.5937,0.2,92.59,17310.959,1.0,0.0,0.0,0.0,0.0,0.99,37.04,1.78,66.67,99.13,0.1,3989.77,2.48,1.0,127.1,32.9,0.0,0.0,8.66
cae2789c-3609-4a09-8b25-32d1d0dd1f64,Typing,0.3863274876892126,0.0,0.4979603279147738,0.963,0.0,0.0736254034858715,0.0,0.4081429395290012,366.3435754189944,115.95530726256985,26.0,0.0,0.0,0.0,0.0724233983286908,0.0,8.0,359.0,190770.65011235597,0.1927207123938286,0.0111111111111111,0.3013822464981877,0.5414728006319345,0.0409760494990677,0.7684137406137518,0.0,4.0,2.004248795063672,0.0,0.0,0.0,4.0,768.0635242131012,0.2089774991698466,0.3348531306936853,1.0,0.0,0.0,13.4937,0.3613,0.51,0.9204,0.0,0.0,0.0,0.0,0.0221,0.0,0.0,0.0,0.0,0.0,0.0,0.0,325.29999999701977,67274.0,0.0,0.0,0.0,0.0,1536x864,136205.0,0.0,"Mozilla/5.0 (Windows NT 10.0; Win64; x64) AppleWebKit/537.36 (KHTML, like Gecko) Chrome/150.0.0.0 Safari/537.36 Edg/150.0.0.0",30.775169173057463,0.6095931681403352,0.0,0.9625,0.5299,0.579,0.0759,69.21,4.01,-168.69,1.19,3.39,0.0,0.0,0.0,0.0,0.0,0.3169,0.2377,0.411,0.4205,0.15,96.3,86.543,1.0,0.0,0.0,0.0,0.0,0.0,0.0,3.85,92.59,0.0,0.15,139.89,4.01,1.0,4.49,4.11,0.0,0.0,7.03
46843b4f-bbd3-4f30-9d6d-200c8eb32546,Coding,0.3284159671461489,0.0117159594227746,0.3091553066107885,1.0,0.4109589041095891,0.3996356870944104,17.534246575342465,0.4062611277199332,568.5844748858448,157.2704081632653,11.0,0.0,0.0,0.0,0.05,0.0,20.0,220.0,413468.0236859116,0.4820673732060106,0.0723981900452488,0.1543875220933371,0.4963706704202292,0.1116211577904591,0.8662602296554847,2.0,16.0,5.754225500544023,0.0,0.0,0.0,16.0,4088.8457822891664,0.1893046720925988,0.0039726842204966,0.0122,8.806,0.0,0.1471,0.602,0.9334,0.0171,1.0,25.6,2.0,14.19,0.0136,6.33,3.0,0.0,0.0,0.0,0.0,0.0,413.6999999992549,116153.0,0.0,0.0,0.0,0.0,1536x864,144502.0,0.0,"Mozilla/5.0 (Windows NT 10.0; Win64; x64) AppleWebKit/537.36 (KHTML, like Gecko) Chrome/149.0.0.0 Safari/537.36",13.066114044873542,0.4213626834381553,189.95,0.8464,0.5583,0.5518,0.1116,442.59,29.18,-142.12,3.21,-4.91,6.0,218.1705,2.46,0.0,0.0078,0.3849,0.2887,0.4139,0.3593,0.0,100.0,11865.818,5.0,2.61,1.78,19.21,13.11,0.65,0.44,120.97,82.56,325.63,0.0,2628.31,100.62,1.0,101.73,37.6,0.44,0.44,10.2
46843b4f-bbd3-4f30-9d6d-200c8eb32546,MCQ,0.2437698951604161,0.0,0.0743717783348566,1.0,30.0,0.3929295125000829,77.83333333333334,0.0,0.0,0.0,0.0,0.0,0.0,0.0,0.0,0.0,0.0,0.0,0.0,0.4861799464991901,10.0,0.131772711545524,0.3971414879369838,0.3493693882542011,0.8835696335480839,0.0,10.0,2.6666666666666665,0.0,1400.0,14.0,10.0,6505.164535140802,0.292589761940184,0.0616459653793715,0.0144,3.665,0.0,0.9661,5.3954,0.871,0.0249,15.0,23.35,5.0,7.52,0.3496,39.71,7.0,0.0,0.0954,5.72,1.5879,2800.0,292.80000000074506,16707.6,0.0,0.0,0.0,0.0,1536x864,28752.0,0.0,"Mozilla/5.0 (Windows NT 10.0; Win64; x64) AppleWebKit/537.36 (KHTML, like Gecko) Chrome/149.0.0.0 Safari/537.36",13.066114044873542,0.4272536687631028,0.0,0.8667,0.5975,0.5371,0.1034,733.34,31.33,-116.71,1.41,-8.15,0.0,0.0,0.0,0.0,0.0,0.371,0.2782,0.4584,0.3516,0.0,100.0,18584.698,1.0,1.47,4.68,1.2,3.83,0.0,0.0,22.0,70.21,0.0,0.0,2699.56,31.33,1.0,133.98,24.86,0.0,0.0,3.91
d56531db-3dac-4691-926d-addecc5b2892,Coding,0.3236554466430298,0.3904367290565319,0.3624295652617264,0.8214,1.3114754098360657,0.2977266372498109,11.92896174863388,0.5486629490692635,808.025974025974,179.62987012987014,7.0,0.0,0.0,0.0,0.0451612903225806,0.0,18.0,155.0,2162537.752572104,0.236233851822681,0.0384615384615384,0.2939716920797124,0.4900906392860024,0.0559931315092015,0.7728144333611876,0.0,5.0,6.578848683470383,0.0,0.0,0.0,6.0,1753.3590091870758,0.0467667701088887,0.0103412756203947,0.0274,4.492,0.0,0.1713,0.577,0.9335,0.0229,4.0,21.83,3.0,13.45,0.0281,0.0,5.0,0.0,0.0,0.0,0.0,0.0,717.1000000238419,121892.0,0.0,0.0,3.0,11482.0,1536x864,139162.0,0.0,"Mozilla/5.0 (Windows NT 10.0; Win64; x64) AppleWebKit/537.36 (KHTML, like Gecko) Chrome/149.0.0.0 Safari/537.36",13.066114044873542,0.49938371005978,222.74,0.9437,0.7341,0.7496,0.1206,283.66,3.66,-140.57,-3.54,19.07,5.0,0.1392,81.98,1.0,0.5652,0.3988,0.2991,0.5846,0.5502,0.8,82.14,9309.357,1.0,0.0,0.0,0.0,0.0,2.7,60.71,3.02,67.86,477.29,0.48,2185.13,3.66,1.0,95.71,7.55,0.0,0.0,9.59
d110df70-897c-4a9a-9905-3ef06108d71f,Coding,0.3329348997955439,0.1993618135924179,0.4088991644524265,0.9286,0.0,0.4985530028580861,9.404040404040405,0.4554340670294896,512.876160990712,130.3421052631579,27.0,0.0,0.0,0.0,0.0833333333333333,0.0,31.0,324.0,415067.9413202464,0.2795500151117261,0.0276923076923076,0.2708126987904936,0.4577901580701942,0.0458762361096951,0.7868980227784614,2.0,8.0,6.178417233092375,0.0,0.0,0.0,9.0,1992.4571607536589,0.1211190143731175,0.0270029983775852,0.0696,3.834,0.0,0.4187,1.245,0.8223,0.1288,0.0,18.62,2.0,12.49,0.0406,156.46,6.0,0.0,0.0051,0.3,0.9444,0.0,318.1999999284744,137972.0,0.0,0.0,3.0,14694.0,1536x864,196562.0,0.0,"Mozilla/5.0 (Windows NT 10.0; Win64; x64) AppleWebKit/537.36 (KHTML, like Gecko) Chrome/149.0.0.0 Safari/537.36",13.066114044873542,0.5697525186633751,275.67,0.9517,0.7093,0.8124,0.0965,755.26,5.73,-1.19,0.27,16.8,4.0,0.4647,41.86,0.0,0.5,0.3576,0.2682,0.5752,0.6336,0.44,92.86,31199.538,1.0,1.32,21.43,0.0,0.0,4.41,71.43,1.54,25.0,441.07,0.22,1626.87,5.73,1.0,176.52,3.91,0.0,0.0,5.14
212def4c-743a-479d-bbb6-e8921fc49abf,Coding,0.4114303011616991,0.50307186740963,0.5059541795099063,0.9259,0.0,0.3395829328164597,0.0,0.4971252779532396,626.311475409836,191.11428571428573,15.0,0.0,2.0,0.0,0.0815217391304347,0.0,24.0,184.0,2218995.5696497355,0.3808458037539267,0.0918918918918919,0.2016852162206635,0.3458552649251623,0.1575985686341766,0.8321646854781407,6.0,16.0,3.255764119219941,0.0,0.0,0.0,17.0,2151.562561586861,0.2059879026368979,0.1672720650815169,0.5,0.0,0.0,1.4156,1.3125,0.8128,0.2086,0.0,0.0,0.0,0.0,0.0167,0.0,0.0,0.0,0.0,0.0,0.0,0.0,610.5,110947.5,1.0,0.0,0.0,0.0,1536x960,119604.0,0.0,"Mozilla/5.0 (Windows NT 10.0; Win64; x64) AppleWebKit/537.36 (KHTML, like Gecko) Chrome/149.0.0.0 Safari/537.36",13.066114044873542,0.6004780578581134,136.32,0.967,0.6577,0.6591,0.114,695.42,3.41,-133.09,-1.06,6.93,6.0,0.0253,105.63,0.0,0.24,0.3871,0.2903,0.5125,0.4655,0.27,92.59,13237.068,1.0,0.0,0.0,0.0,0.0,0.55,14.81,2.45,66.67,136.32,0.14,2621.5,3.41,2.0,114.61,1.84,0.0,0.0,9.88
d56531db-3dac-4691-926d-addecc5b2892,Coding,0.2806379763797751,0.5761299233223793,0.272101901430786,0.75,5.853658536585366,0.6689949203886666,29.487804878048777,0.3427586505855613,665.2083333333334,247.83333333333331,2.0,2.0,5.0,0.0,0.08,4.0,3.0,25.0,1035930.1649305556,0.283256245494276,0.2692307692307692,0.3143770007713293,0.5313573045156327,0.2363906524382007,0.7608167210877547,0.0,6.0,10.349011586442762,0.0,0.0,0.0,7.0,2957.624971465181,0.1095294748967553,0.0053882020997561,0.0075,4.172,0.0,0.3054,1.5227,0.9507,0.0125,4.0,12.09,2.0,6.82,0.0472,0.0,3.0,0.0,0.0,0.0,0.0,0.0,1956.5999999940395,24170.0,0.0,0.0,1.0,1619.0,1536x864,39329.0,0.0,"Mozilla/5.0 (Windows NT 10.0; Win64; x64) AppleWebKit/537.36 (KHTML, like Gecko) Chrome/149.0.0.0 Safari/537.36",13.066114044873542,0.4911488073395071,259.8,0.9568,0.8147,0.7226,0.0936,1615.45,0.99,-105.26,3.38,20.56,2.0,0.0,120.97,2.0,0.5238,0.352,0.264,0.6827,0.5466,0.33,75.0,21881.851,1.0,0.09,7.14,0.0,0.0,0.71,53.57,0.71,53.57,283.42,0.14,8273.4,0.99,1.0,135.9,54.39,0.0,0.0,21.33
cae2789c-3609-4a09-8b25-32d1d0dd1f64,Coding,0.4960852128923151,0.0337667285802733,0.5764493150415454,1.0,0.0,0.1951544748776628,0.0,0.6056460499419097,600.2043956043956,148.83002207505518,33.0,0.0,0.0,0.0,0.0723684210526315,0.0,44.0,456.0,868606.9714092499,0.4997421346120676,0.0306345733041575,0.2301906912933941,0.3825559493683339,0.0512132042272842,0.8128821060648923,0.0,14.0,5.980504987816418,0.0,5857.0,187.0,14.0,3683.3084507253984,0.0,0.222139249824507,0.6667,0.31,0.0,0.5574,0.0572,0.9235,0.2559,0.0,0.0,0.0,0.0,0.0072,0.0,1.0,0.0,0.0,0.0,0.0,1049.0149253731345,371.1999999992549,173557.0,0.0,0.0,1.0,1356.0,1536x864,279374.0,0.0,"Mozilla/5.0 (Windows NT 10.0; Win64; x64) AppleWebKit/537.36 (KHTML, like Gecko) Chrome/150.0.0.0 Safari/537.36 Edg/150.0.0.0",13.066114044873542,0.6568134171907757,313.28,0.9762,0.5394,0.6272,0.045,119.93,8.46,-156.78,2.93,4.17,1.0,0.0,7.09,0.0,0.037,0.2446,0.1834,0.4477,0.5049,0.0,100.0,4454.435,1.0,0.0,0.0,0.0,0.0,0.31,3.7,7.52,88.89,313.28,0.0,1134.5,8.46,1.0,66.2,3.69,0.0,0.0,7.66
d110df70-897c-4a9a-9905-3ef06108d71f,Typing,0.3094950264272842,0.2063151878839834,0.4097801789778285,1.0,0.0,0.6044434244799256,10.363636363636363,0.4209981104718971,498.27272727272725,108.3739837398374,1.0,0.0,0.0,0.0,0.0039370078740157,0.0,8.0,254.0,806325.2260150915,0.1926928220402278,0.0156862745098039,0.2216432954313428,0.4036765527482697,0.0309310238168883,0.8185695478702856,0.0,4.0,1.7696010537048616,0.0,0.0,0.0,4.0,575.4947130619541,0.2004354128068741,0.0194673702620012,0.05,3.289,0.0,0.2593,0.931,0.9109,0.0986,0.0,13.68,3.0,6.26,0.0458,0.0,5.0,0.0,0.0,0.0,0.0,0.0,318.1999999284744,64863.5,0.0,0.0,2.0,2045.0,1536x864,131217.0,0.0,"Mozilla/5.0 (Windows NT 10.0; Win64; x64) AppleWebKit/537.36 (KHTML, like Gecko) Chrome/149.0.0.0 Safari/537.36",17.74886377325464,0.6048218029350106,247.35,0.9514,0.7293,0.8031,0.1,941.82,4.16,37.12,5.36,16.59,3.0,0.7929,43.32,0.0,0.6786,0.3648,0.2736,0.5925,0.6207,0.0,100.0,31168.816,1.0,1.63,39.29,0.0,0.0,3.12,75.0,0.89,21.43,296.82,0.0,2662.23,4.16,1.0,173.2,32.95,0.0,0.0,9.21
212def4c-743a-479d-bbb6-e8921fc49abf,Coding,0.3422161330608037,0.1161118254988807,0.4720808480800036,0.9259,0.0,0.4886798437876907,0.0,0.4329968249887724,525.1713286713286,198.5983606557377,53.0,0.0,0.0,0.0,0.1846689895470383,0.0,31.0,287.0,378048.4356814514,0.223339243108362,0.0138888888888888,0.2765772551220546,0.5194603741973334,0.023384154896642,0.7833446788963737,0.0,4.0,7.132945131570829,0.0,0.0,0.0,4.0,1613.655668790058,0.1517794159578125,0.1105829010468768,0.3333,0.0,0.0,4.2468,0.1936,0.7197,0.3749,0.0,0.0,0.0,0.0,0.0057,0.0,0.0,0.0,0.0,0.0,0.0,0.0,515.4000000000233,127992.0,0.0,0.0,1.0,12115.0,1536x960,173981.0,0.0,"Mozilla/5.0 (Windows NT 10.0; Win64; x64) AppleWebKit/537.36 (KHTML, like Gecko) Chrome/149.0.0.0 Safari/537.36",13.066114044873542,0.6019455630992036,196.85,0.9677,0.6563,0.6598,0.1162,449.52,4.92,-106.07,-1.29,9.77,2.0,0.0,24.38,0.0,0.08,0.3926,0.2945,0.5091,0.4635,0.39,92.59,20138.604,1.0,0.39,7.41,0.0,0.0,1.18,22.22,3.35,62.96,196.85,0.2,1818.82,4.92,1.0,140.97,3.56,0.0,0.0,15.89
bb27f56e-d588-4acf-bdee-9a2e2c267109,Coding,0.3916376081535324,0.0628184978806496,0.5261123051249842,1.0,0.0,0.041423785610729,0.0,0.4306116160857176,510.8514492753623,157.1552346570397,20.0,2.0,6.0,0.0,0.0722021660649819,6.0,30.0,277.0,581910.2931500735,0.3083730435778954,0.0215827338129496,0.2685694438696137,0.537143673033787,0.0407783222438951,0.7882895215808005,0.0,6.0,4.868492808069272,0.0,40.0,16.0,6.0,3174.729206370077,0.1769047580843182,0.1669787708540806,0.5,0.331,0.0,9.0731,6.1201,0.5052,0.6932,0.0,0.0,0.0,0.0,0.0134,0.0,1.0,0.0,0.0,0.0,0.0,15.89403973509934,305.0,120035.0,0.0,0.0,0.0,0.0,1536x864,149545.0,0.0,"Mozilla/5.0 (Windows NT 10.0; Win64; x64) AppleWebKit/537.36 (KHTML, like Gecko) Chrome/150.0.0.0 Safari/537.36 Edg/150.0.0.0",13.066114044873542,0.6605870020964361,168.52,0.978,0.542,0.6291,0.0484,49.56,4.55,-170.44,3.01,4.0,1.0,0.0,13.19,0.0,0.037,0.2538,0.1903,0.4468,0.5022,0.0,100.0,41.017,1.0,0.0,0.0,0.0,0.0,0.0,0.0,4.38,96.3,168.52,0.0,107.23,4.55,2.0,4.03,2.15,0.0,0.0,4.49
d110df70-897c-4a9a-9905-3ef06108d71f,Coding,0.3815360958514584,0.314568747916369,0.4960091380724796,1.0,0.0,0.4673669711358384,0.0,0.4428081608410992,520.4466666666667,128.92142857142858,33.0,0.0,0.0,0.0,0.1096345514950166,0.0,31.0,301.0,418545.2804888889,0.2503237334768114,0.0231788079470198,0.3239966068439797,0.4422069991059076,0.0412332269123381,0.7552889447229832,0.0,7.0,30.377314726617957,0.0,0.0,0.0,7.0,2606.1360480315543,0.1676422663110381,0.2225303087944221,0.6667,0.0,0.0,3.8417,0.2548,0.7404,0.3603,0.0,0.0,0.0,0.0,0.0116,0.0,0.0,0.0,0.0,0.0,0.0,0.0,318.1999999284744,122951.0,0.0,0.0,1.0,2845.0,1536x864,172440.0,0.0,"Mozilla/5.0 (Windows NT 10.0; Win64; x64) AppleWebKit/537.36 (KHTML, like Gecko) Chrome/149.0.0.0 Safari/537.36",13.066114044873542,0.6104821802935009,356.89,0.9541,0.6847,0.7588,0.1053,630.73,5.45,-50.46,-3.12,12.11,6.0,0.3123,66.05,0.0,0.5357,0.3734,0.2801,0.5446,0.5721,0.0,100.0,28320.487,1.0,0.97,17.86,0.0,0.0,1.36,25.0,2.53,46.43,389.34,0.0,1841.48,5.45,1.0,168.16,4.09,0.0,0.0,5.03
d56531db-3dac-4691-926d-addecc5b2892,Coding,0.2999870621007402,0.4412058865552222,0.3291919419783064,0.7143,0.8275862068965518,0.6626155541928339,15.772413793103448,0.5291860780952242,813.3353658536586,211.11515151515152,8.0,0.0,0.0,0.0,0.0484848484848484,0.0,22.0,165.0,1602492.9911882803,0.184618383486941,0.0180722891566265,0.370609763024995,0.5619356929576966,0.021083998650624,0.7296022740951128,0.0,3.0,7.384527743870965,0.0,0.0,0.0,3.0,1632.825478113324,0.135790769739296,0.0044583427911102,0.0136,7.785,0.0,0.1409,0.5848,0.9342,0.0169,2.0,22.87,2.0,19.01,0.0138,0.0,3.0,0.0,0.0,0.0,0.0,0.0,794.5,133151.5,0.0,0.0,2.0,9013.0,1536x864,142640.0,0.0,"Mozilla/5.0 (Windows NT 10.0; Win64; x64) AppleWebKit/537.36 (KHTML, like Gecko) Chrome/149.0.0.0 Safari/537.36",13.066114044873542,0.4816854440296853,226.69,0.9608,0.6269,0.7005,0.0745,795.85,3.24,-29.81,-13.03,6.77,5.0,0.2229,92.64,0.0,0.6,0.3121,0.2341,0.5099,0.5444,1.3,71.43,30219.394,1.0,0.65,14.29,0.0,0.0,0.32,7.14,1.13,25.0,323.85,0.32,2203.05,3.24,2.0,168.83,38.76,0.0,0.0,14.63
bb27f56e-d588-4acf-bdee-9a2e2c267109,MCQ,0.3550628505233556,0.0,0.5650601305874179,0.8,0.0,0.822583937392256,0.0,0.0,0.0,0.0,0.0,0.0,0.0,0.0,0.0,0.0,0.0,0.0,0.0,0.3682624583834492,9.0,0.3141824839254402,0.6899343160245435,1.2782275244993608,0.7609293322895442,1.0,9.0,5.504172814088138,0.0,2900.0,26.0,9.0,3421.9086676376223,0.1391265958662121,0.276931533058493,0.4118,0.0,0.019,111.1635,95.9979,0.542,0.65,0.0,0.0,0.0,0.0,0.8273,88.63,0.0,1.0,0.2364,14.18,1.3844,19333.333333333336,291.3999999985099,4575.6,0.0,0.0,0.0,0.0,1536x864,7587.0,0.0,"Mozilla/5.0 (Windows NT 10.0; Win64; x64) AppleWebKit/537.36 (KHTML, like Gecko) Chrome/150.0.0.0 Safari/537.36 Edg/150.0.0.0",13.066114044873542,0.7750574106514801,0.0,0.9213,0.5923,0.4728,0.0981,16225.7,0.1,-42.35,-37.88,-18.0,0.0,0.0,0.0,1.0,0.05,0.3612,0.2709,0.4569,0.2922,0.05,80.0,38768.487,1.0,0.04,16.0,0.11,40.0,0.0,0.0,0.1,36.0,0.0,0.05,37523.61,0.19,1.0,165.12,106.8,4.0,4.0,9.92
d110df70-897c-4a9a-9905-3ef06108d71f,MCQ,0.3506523728696751,0.3248083059484688,0.4464163897863052,0.8571,0.0,0.3364625774623723,0.0,0.0,0.0,0.0,0.0,0.0,0.0,0.0,0.0,0.0,0.0,0.0,0.0,0.4166316756986624,7.0,0.2285432808039134,0.4699942913777914,0.2713809413041793,0.8139721372662075,0.0,7.0,2.434292761768806,0.0,1629.0,217.0,7.0,2240.6604735821843,0.2861113508429078,0.4437974090771026,0.2017,1.183,0.075,2.9253,6.7216,0.7573,0.1457,0.0,0.0,0.0,0.0,2.2916,33.45,8.0,6.0,0.6132,36.79,1.087,3054.375,318.1999999284744,16158.2,0.0,0.0,0.0,0.0,1536x864,30866.0,0.0,"Mozilla/5.0 (Windows NT 10.0; Win64; x64) AppleWebKit/537.36 (KHTML, like Gecko) Chrome/149.0.0.0 Safari/537.36",13.066114044873542,0.5421804067029353,146.63,0.9556,0.6582,0.7469,0.0956,829.49,0.88,159.1,1.74,6.68,1.0,0.0,68.2,1.0,0.2083,0.3567,0.2675,0.5245,0.5686,0.15,85.71,6236.734,1.0,0.77,75.0,0.0,0.0,0.07,7.14,0.0,0.0,146.63,0.11,10699.13,0.88,1.0,70.09,34.09,0.0,0.0,12.71
cae2789c-3609-4a09-8b25-32d1d0dd1f64,Coding,0.3467299122495723,0.2857551078725532,0.4868402463927358,1.0,0.0544711756695415,0.2653755960982873,0.4062641852019972,0.5432484377617509,595.52,187.0533333333333,3.0,0.0,0.0,0.0,0.0394736842105263,0.0,6.0,76.0,4834730.0896,0.2063457946776551,0.0519480519480519,0.2238792521446736,0.4003714413152313,0.0736526174298919,0.8170740685795946,0.0,4.0,8.045932153669536,0.0,0.0,0.0,4.0,1097.0096958365411,0.0,0.0064029846930553,0.0141,4.477,0.0,0.3297,1.4769,0.9339,0.0173,2.0,8.95,2.0,5.79,0.0338,128.18,2.0,0.0,0.0,0.0,0.0,0.0,399.3999999761581,37312.0,0.0,0.0,2.0,6895.0,1536x864,57470.0,0.0,"Mozilla/5.0 (Windows NT 10.0; Win64; x64) AppleWebKit/537.36 (KHTML, like Gecko) Chrome/149.0.0.0 Safari/537.36",13.066114044873542,0.6309224318658281,213.545,0.96385,0.57605,0.64725,0.0862,446.055,3.725,-116.59,0.79,-3.23,4.0,0.0409,60.0,0.0,0.3333,0.3377,0.2533,0.45715,0.4992499999999999,0.0,100.0,10481.194,1.0,0.075,3.7,0.0,0.0,0.0,0.0,1.675,66.67,312.94,0.0,2329.5950000000003,3.725,1.0,95.145,3.92,0.0,0.0,6.675000000000001
bb27f56e-d588-4acf-bdee-9a2e2c267109,Typing,0.3319361104558028,0.4247749678525503,0.4001535549521029,0.9259,0.0,0.3362697386561488,13.916666666666666,0.4617546917347113,510.05329153605015,100.90793650793653,24.0,0.0,0.0,0.0,0.075,0.0,6.0,320.0,615882.9783512354,0.2453399556285796,0.0124610591900311,0.5747045035082758,0.8266532990932247,0.0239390511757066,0.6350397790646469,0.0,4.0,19.557607215607945,0.0,1100.0,11.0,4.0,3416.484617669136,0.2450734167417603,0.0228971034781174,0.0548,3.687,0.0,0.4894,1.9343,0.7913,0.0655,0.0,23.38,4.0,9.72,0.0475,96.04,7.0,0.0,0.0059,0.36,2.5649,392.8571428571429,306.5,82599.5,0.0,0.0,0.0,0.0,1536x864,167108.0,0.0,"Mozilla/5.0 (Windows NT 10.0; Win64; x64) AppleWebKit/537.36 (KHTML, like Gecko) Chrome/150.0.0.0 Safari/537.36 Edg/150.0.0.0",6.0649732311022895,0.5977526909818032,269.08,0.9657,0.5534,0.475,0.0865,308.0,4.71,-145.43,4.25,-3.14,7.0,0.0995,89.19,0.0,0.4,0.3377,0.2533,0.4267,0.3062,0.38,92.59,10265.433,1.0,0.0,0.0,0.0,0.0,0.0,0.0,3.96,77.78,565.06,0.19,1890.95,4.71,1.0,94.58,35.74,0.0,0.0,6.53
7c4083fb-ecc3-47fe-ada3-ab0bf2cc6d87,Typing,0.3139032469171533,0.4832118874124875,0.3374243713718784,1.0,0.0,0.3397281490722417,29.766423357664237,0.404429631159314,391.1205882352941,100.11641791044777,23.0,0.0,1.0,0.0,0.0674486803519061,0.0,17.0,341.0,162940.14134083048,0.199864802820327,0.0087719298245614,0.4487182469666692,0.7174760009424822,0.033980472555105,0.6902653446201862,0.0,3.0,10.151970252123476,0.0,0.0,0.0,3.0,1961.581439137047,0.2095124870528275,0.0043583859740876,0.0112,13.592,0.0,0.1731,0.4516,0.9445,0.0229,0.0,40.78,3.0,25.75,0.0217,0.0,3.0,0.0,0.0,0.0,0.0,0.0,302.69999998807907,67433.5,0.0,0.0,0.0,0.0,1536x864,136039.0,0.0,"Mozilla/5.0 (Windows NT 10.0; Win64; x64) AppleWebKit/537.36 (KHTML, like Gecko) Chrome/150.0.0.0 Safari/537.36",20.774740795291542,0.6469601677148847,240.93,0.9715,0.5885,0.7323,0.1019,224.31,4.14,124.39,0.92,-5.47,7.0,0.0189,101.46,0.0,0.4074,0.3686,0.2764,0.4503,0.548,0.0,100.0,16044.032,1.0,3.22,77.78,0.0,0.0,0.0,0.0,0.46,11.11,459.95,0.0,2323.25,4.14,1.0,126.48,1.8,0.0,0.0,6.57
0c745563-cc6e-49cd-9a07-5bbd371a5fc8,Coding,0.313122116611121,0.3420012382721341,0.4121506543584708,1.0,0.0,0.2481378885761835,12.75187969924812,0.3924073606139718,388.4741641337386,124.53398058252426,10.0,0.0,0.0,0.0,0.0303030303030303,0.0,39.0,330.0,97650.7478127512,0.2184253908070833,0.0120845921450151,0.2434034341166093,0.5158482269924309,0.0653584091763206,0.8042441998806782,0.0,4.0,2.1360009363293826,0.0,0.0,0.0,4.0,983.4936673585612,0.2657116238689174,0.0099995305370559,0.0169,5.652,0.0,0.4452,2.03,0.8253,0.0412,0.0,16.96,3.0,7.6,0.0152,7.21,3.0,0.0,0.0152,0.91,1.6133,0.0,318.1999999284744,91714.5,0.0,0.0,0.0,0.0,1536x864,132050.0,0.0,"Mozilla/5.0 (Windows NT 10.0; Win64; x64) AppleWebKit/537.36 (KHTML, like Gecko) Chrome/149.0.0.0 Safari/537.36",13.066114044873542,0.6316561844863731,238.74,0.9642,0.5453,0.608,0.0341,226.97,4.18,-168.38,4.96,-0.25,5.0,0.1169,71.81,0.0,0.2857,0.213,0.1597,0.4655,0.5015,0.0,100.0,1360.032,1.0,0.0,0.0,0.6,14.29,0.15,3.57,4.03,96.43,447.63,0.0,1210.74,4.18,1.0,4.67,32.67,0.0,0.0,16.47
bb27f56e-d588-4acf-bdee-9a2e2c267109,Coding,0.3728435051348551,0.3515740343858646,0.4988703282518508,0.963,0.0,0.4953550705773699,0.0,0.4082636718435156,522.6459143968872,153.9581589958159,32.0,0.0,0.0,0.0,0.1240310077519379,0.0,29.0,258.0,306635.9796817515,0.2354518082322317,0.0193050193050193,0.6036531174698795,0.9233178328825732,0.0543047364591139,0.6235762516882223,1.0,5.0,14.715000849473302,0.0,500.0,5.0,5.0,2406.0781373998707,0.0784788294904884,0.2227613890948265,0.6667,0.0,0.0,8.938,0.4654,0.6024,0.5877,0.0,0.0,0.0,0.0,0.0142,0.0,0.0,0.0,0.0,0.0,0.0,167.5977653631285,297.0,112894.0,0.0,0.0,0.0,0.0,1536x864,138348.0,0.0,"Mozilla/5.0 (Windows NT 10.0; Win64; x64) AppleWebKit/537.36 (KHTML, like Gecko) Chrome/150.0.0.0 Safari/537.36 Edg/150.0.0.0",13.066114044873542,0.6248971513688466,218.82,0.9698,0.5526,0.5686,0.0567,847.12,4.06,-81.73,-9.02,-4.03,5.0,0.2199,73.82,0.0,0.2692,0.2745,0.2059,0.4496,0.4313,0.16,96.3,25687.602,1.0,0.31,7.41,0.0,0.0,0.0,0.0,2.19,51.85,312.6,0.16,2492.05,4.06,1.0,156.52,34.22,0.0,0.0,4.16
bb27f56e-d588-4acf-bdee-9a2e2c267109,MCQ,0.2843457133901531,0.0,0.4542464511285624,0.9615,0.0,0.5457530283917633,0.0,0.0,0.0,0.0,0.0,0.0,0.0,0.0,0.0,0.0,0.0,0.0,0.0,0.2963232303815827,6.0,0.2160233409231602,0.4482730886691454,0.6639371472833905,0.8223526361268994,0.0,6.0,3.0934518655450973,0.0,3700.0,32.0,6.0,2275.5883954822416,0.1486602085295933,0.2169124343120581,0.4444,0.0,0.0,77.5215,67.8381,0.5751,0.5805,0.0,0.0,0.0,0.0,0.7843,117.58,0.0,0.0,0.0,0.0,0.0,20181.818181818184,297.8999999985099,5280.0,0.0,0.0,0.0,0.0,1536x864,9704.0,0.0,"Mozilla/5.0 (Windows NT 10.0; Win64; x64) AppleWebKit/537.36 (KHTML, like Gecko) Chrome/150.0.0.0 Safari/537.36 Edg/150.0.0.0",13.066114044873542,0.6241471888669717,0.0,0.9698,0.5446,0.5064,0.0577,7793.07,0.32,-62.52,-6.16,-5.64,0.0,0.0,0.0,0.0,0.16,0.2751,0.2063,0.4414,0.3689,0.01,96.15,27694.46,1.0,0.05,15.38,0.03,7.69,0.0,0.0,0.18,53.85,0.0,0.01,30413.83,0.32,1.0,162.6,34.78,0.0,0.0,6.78
7c4083fb-ecc3-47fe-ada3-ab0bf2cc6d87,Coding,0.3321420875534203,0.5348859360861076,0.2850524962633458,1.0,0.0,0.0250749084182334,41.37096774193548,0.3978204446814866,516.4405286343613,144.95215311004785,8.0,0.0,0.0,0.0,0.0350877192982456,0.0,28.0,228.0,558480.3081371651,0.2570493995570231,0.0218340611353711,0.4490868355732677,0.6385124674749176,0.056990448400848,0.6900897692610628,0.0,5.0,6.524293544131809,0.0,0.0,0.0,5.0,3714.263657331858,0.2535755033210124,0.0334469336481272,0.0446,4.412,0.0,0.5712,1.9188,0.8064,0.0612,0.0,51.3,10.0,13.58,0.1458,90.79,12.0,0.0,0.0243,1.46,1.5846,0.0,325.5,95806.0,2.0,0.0,0.0,0.0,1536x864,122767.0,0.0,"Mozilla/5.0 (Windows NT 10.0; Win64; x64) AppleWebKit/537.36 (KHTML, like Gecko) Chrome/150.0.0.0 Safari/537.36",13.066114044873542,0.6402515723270441,257.23,0.9683,0.5968,0.7248,0.1019,35.37,3.74,177.15,0.34,-5.13,7.0,0.0602,112.31,0.0,0.4815,0.3684,0.2763,0.4587,0.5406,0.0,100.0,16.622,1.0,3.6,96.3,0.0,0.0,0.0,0.0,0.0,0.0,415.52,0.0,74.95,3.74,1.0,1.62,1.54,0.0,0.0,3.41
7c4083fb-ecc3-47fe-ada3-ab0bf2cc6d87,MCQ,0.1933627293834644,0.0,0.220488661963988,0.3333,0.0,0.0948128728287574,13.76923076923077,0.0,0.0,0.0,0.0,0.0,0.0,0.0,0.0,0.0,0.0,0.0,0.0,0.2961361067233068,7.0,0.2021243900677962,0.3833549194944048,0.3148331384366286,0.8318606695465208,0.0,7.0,2.927615797206895,0.0,1388.0,87.0,7.0,1009.4016828832678,0.3466185119919935,0.159285460705729,0.0949,1.591,0.17,1.897,7.0026,0.7953,0.0855,0.0,3.58,1.0,3.58,0.6368,98.05,3.0,1.0,0.2547,15.28,0.9347,3203.076923076923,299.80000001192093,21436.6,0.0,0.0,1.0,11174.0,1536x864,24473.0,0.0,"Mozilla/5.0 (Windows NT 10.0; Win64; x64) AppleWebKit/537.36 (KHTML, like Gecko) Chrome/150.0.0.0 Safari/537.36",13.066114044873542,0.3180293501048218,0.0,0.9736,0.5836,0.7405,0.0769,62.98,0.26,176.14,4.75,-3.42,0.0,0.0,0.0,2.0,0.0,0.3171,0.2379,0.4647,0.5819,0.53,33.33,116.189,1.0,0.23,29.63,0.0,0.0,0.03,3.7,0.0,0.0,0.0,0.44,216.31,0.26,1.0,4.11,0.18,0.0,0.0,9.96
0c745563-cc6e-49cd-9a07-5bbd371a5fc8,Typing,0.3016557090142792,0.3693861027765871,0.3868231453091325,0.9286,0.0,0.3302673263123177,12.315789473684209,0.406123645823063,409.1751592356688,118.5337837837838,2.0,0.0,0.0,0.0,0.0063492063492063,0.0,32.0,315.0,403579.24638930574,0.2104094396866829,0.0094936708860759,0.2118287330338728,0.495971241641934,0.0229869204422683,0.8251991166247155,0.0,3.0,2.1772653556849115,0.0,0.0,0.0,3.0,739.583738802439,0.2017094325817765,0.0094357643787548,0.0261,8.192,0.0,0.2264,0.8054,0.9139,0.0284,0.0,16.38,2.0,9.65,0.0228,0.0,2.0,0.0,0.0,0.0,0.0,0.0,318.1999999284744,65208.0,0.0,0.0,1.0,4049.0,1536x864,131899.0,0.0,"Mozilla/5.0 (Windows NT 10.0; Win64; x64) AppleWebKit/537.36 (KHTML, like Gecko) Chrome/149.0.0.0 Safari/537.36",15.93702385600642,0.5806539861686161,208.27,0.9569,0.5273,0.6009,0.0343,218.02,3.87,-152.58,3.76,-3.64,5.0,0.0775,77.56,0.0,0.4231,0.2137,0.1603,0.4471,0.4941,0.3,92.86,5725.862,1.0,0.0,0.0,0.3,7.14,0.0,0.0,3.57,85.71,297.53,0.15,2335.94,3.87,1.0,66.52,33.63,0.0,0.0,13.02
0c745563-cc6e-49cd-9a07-5bbd371a5fc8,Coding,0.3187143814640095,0.4789731866457112,0.4073000374239033,0.963,0.0,0.2259267882187467,12.604166666666666,0.4102172680966661,402.0697674418605,129.77815699658703,9.0,0.0,0.0,0.0,0.0260869565217391,0.0,65.0,345.0,134201.82071389933,0.2407708355059548,0.0086705202312138,0.3229391982587169,0.7822140303440932,0.0433864576403551,0.7558926376330999,0.0,3.0,3.8017265814363874,0.0,0.0,0.0,3.0,1350.4480827124298,0.226643151008253,0.0105026692074214,0.0238,4.853,0.0,0.269,1.3874,0.8641,0.0299,0.0,18.15,2.0,9.15,0.0211,0.0,4.0,0.0,0.007,0.42,1.7615,0.0,318.1999999284744,104474.0,0.0,0.0,0.0,0.0,1536x864,142637.0,0.0,"Mozilla/5.0 (Windows NT 10.0; Win64; x64) AppleWebKit/537.36 (KHTML, like Gecko) Chrome/149.0.0.0 Safari/537.36",13.066114044873542,0.6133667530459955,275.35,0.9643,0.5497,0.6085,0.0369,191.6,4.18,-166.29,5.93,2.97,7.0,0.0057,100.57,0.0,0.4615,0.2215,0.1661,0.4666,0.4978,0.16,96.3,1356.404,1.0,0.0,0.0,0.32,7.41,0.16,3.7,4.02,92.59,481.87,0.16,1100.23,4.18,2.0,3.4,33.78,0.0,0.0,14.28
0c745563-cc6e-49cd-9a07-5bbd371a5fc8,Coding,0.3166975995126443,0.2857551078725532,0.4592850201263039,1.0,0.0,0.2653755960982873,3.065573770491804,0.3345134261197199,413.80078125,114.5420054200542,9.0,0.0,0.0,0.0,0.0386904761904761,0.0,16.0,220.0,250524.52401868632,0.2433293591700923,0.0226244343891402,0.249971002144911,0.495971241641934,0.0559931315092015,0.8000185590577952,0.0,5.0,4.235702594681104,0.0,0.0,0.0,5.0,1691.84692273807,0.2160112984481036,0.0580251808949368,0.17,1.586,0.0,1.8702,1.9233,0.7558,0.1556,0.0,3.74,1.0,3.58,0.0284,21.54,3.0,0.0,0.0,0.0,0.0,0.0,318.1999999284744,67433.5,0.0,0.0,0.0,0.0,Unknown,116302.0,0.0,Unknown,13.066114044873542,0.6309224318658281,213.545,0.96385,0.57605,0.64725,0.0862,446.055,3.725,-116.59,0.79,-3.23,4.0,0.0409,60.0,0.0,0.3333,0.3377,0.2533,0.45715,0.4992499999999999,0.0,100.0,10481.194,1.0,0.075,3.7,0.0,0.0,0.0,0.0,1.675,66.67,312.94,0.0,2329.5950000000003,3.725,1.0,95.145,3.92,0.0,0.0,6.675000000000001
7c4083fb-ecc3-47fe-ada3-ab0bf2cc6d87,Typing,0.3263087604145867,0.3532885650331,0.3145981869566161,1.0,0.0,0.2935198187098529,35.15671641791045,0.3968788636948759,400.8354037267081,107.75316455696202,12.0,0.0,0.0,0.0,0.0371517027863777,0.0,20.0,323.0,180894.94495775632,0.2605208726000817,0.015432098765432,0.2180666037385733,0.4694237286085614,0.0530312672351618,0.8209731692263227,0.0,5.0,3.311404222361781,0.0,271.0,24.0,5.0,1483.2557403992976,0.2031950977377874,0.0038101481306848,0.0094,15.702,0.0,0.1532,0.4319,0.9478,0.0194,0.0,47.11,3.0,37.24,0.0223,0.0,3.0,0.0,0.0,0.0,0.0,121.34328358208955,309.59999999403954,65616.0,0.0,0.0,0.0,0.0,1536x864,132877.0,0.0,"Mozilla/5.0 (Windows NT 10.0; Win64; x64) AppleWebKit/537.36 (KHTML, like Gecko) Chrome/150.0.0.0 Safari/537.36",8.990469943976539,0.6440251572327044,299.59,0.9701,0.5886,0.7179,0.0978,406.11,4.04,137.46,0.64,-7.59,5.0,0.352,74.18,0.0,0.5185,0.3609,0.2707,0.4533,0.5375,0.0,100.0,12405.368,1.0,3.15,77.78,0.0,0.0,0.0,0.0,0.15,3.7,449.38,0.0,2383.27,4.04,1.0,111.18,1.96,0.0,0.0,6.44
bb27f56e-d588-4acf-bdee-9a2e2c267109,Typing,0.3710954728227026,0.2935181216364242,0.471790861362022,0.963,0.0,0.5932734659421307,0.0,0.4489308902043902,453.0338028169014,115.19596541786744,48.0,0.0,0.0,0.0,0.1348314606741573,0.0,11.0,356.0,334542.3537869471,0.2120443565592649,0.0140056022408963,0.3582249953478565,0.5219421646999934,0.0301475420708949,0.7362550412672157,0.0,5.0,9.7239799014584,0.0,225.0,18.0,5.0,1571.0435452143545,0.2442521788058861,0.2509203946258138,0.75,0.0,0.0,8.5878,2.6835,0.5535,0.9279,0.0,0.0,0.0,0.0,0.0178,107.12,0.0,0.0,0.0,0.0,0.0,80.83832335329342,298.19999999925494,82043.0,0.0,0.0,0.0,0.0,1536x864,166029.0,0.0,"Mozilla/5.0 (Windows NT 10.0; Win64; x64) AppleWebKit/537.36 (KHTML, like Gecko) Chrome/150.0.0.0 Safari/537.36 Edg/150.0.0.0",5.942698544583063,0.5724862499013413,336.99,0.9448,0.547,0.4999,0.0851,921.98,4.87,-91.34,11.48,-5.51,5.0,0.2979,61.63,0.0,0.3462,0.3339,0.2504,0.4218,0.3329,0.19,96.3,26465.023,1.0,0.19,3.7,0.19,3.7,0.0,0.0,2.81,55.56,374.44,0.19,2092.23,4.87,1.0,147.19,68.98,0.0,0.0,6.51
bb27f56e-d588-4acf-bdee-9a2e2c267109,Typing,0.3166975995126443,0.2857551078725532,0.4592850201263039,1.0,0.0,0.2653755960982873,3.065573770491804,0.3345134261197199,413.80078125,114.5420054200542,9.0,0.0,0.0,0.0,0.0386904761904761,0.0,16.0,220.0,250524.52401868632,0.2433293591700923,0.0226244343891402,0.249971002144911,0.495971241641934,0.0559931315092015,0.8000185590577952,0.0,5.0,4.235702594681104,0.0,0.0,0.0,5.0,1691.84692273807,0.2160112984481036,0.0580251808949368,0.17,1.586,0.0,1.8702,1.9233,0.7558,0.1556,0.0,3.74,1.0,3.58,0.0284,21.54,3.0,0.0,0.0,0.0,0.0,0.0,318.1999999284744,67433.5,0.0,0.0,0.0,0.0,Unknown,116302.0,0.0,Unknown,13.066114044873542,0.6309224318658281,213.545,0.96385,0.57605,0.64725,0.0862,446.055,3.725,-116.59,0.79,-3.23,4.0,0.0409,60.0,0.0,0.3333,0.3377,0.2533,0.45715,0.4992499999999999,0.0,100.0,10481.194,1.0,0.075,3.7,0.0,0.0,0.0,0.0,1.675,66.67,312.94,0.0,2329.5950000000003,3.725,1.0,95.145,3.92,0.0,0.0,6.675000000000001
bb27f56e-d588-4acf-bdee-9a2e2c267109,Coding,0.3528722727379599,0.4929751869314664,0.4828050474831726,0.963,0.0,0.5956124677348894,0.0,0.3335832550656981,506.2258064516129,117.1590909090909,12.0,0.0,0.0,0.0,0.1276595744680851,0.0,7.0,94.0,1197921.9597641344,0.2615161172695636,0.031578947368421,0.3041893523156354,0.6252133701375712,0.1775673276117194,0.7667598253462687,0.0,3.0,4.1429533547941375,0.0,320.0,34.0,3.0,2224.5403550107158,0.2227943927273973,0.2036518963881927,0.6,0.0,0.0,9.8118,8.4121,0.495,1.2843,0.0,0.0,0.0,0.0,0.05,55.14,0.0,0.0,0.0,0.0,0.0,331.0344827586207,999.7999999988824,34644.5,0.0,0.0,0.0,0.0,1536x864,56513.0,0.0,"Mozilla/5.0 (Windows NT 10.0; Win64; x64) AppleWebKit/537.36 (KHTML, like Gecko) Chrome/150.0.0.0 Safari/537.36 Edg/150.0.0.0",13.066114044873542,0.6127378222283854,133.76,0.964,0.5506,0.6032,0.1077,620.91,1.74,-35.95,-2.14,-5.73,3.0,0.161,103.51,0.0,0.4615,0.3641,0.2731,0.414,0.4211,0.07,96.3,29586.432,1.0,0.6,33.33,0.13,7.41,0.0,0.0,1.0,55.56,267.52,0.07,4669.55,1.74,1.0,164.58,49.55,0.0,0.0,6.8
7c4083fb-ecc3-47fe-ada3-ab0bf2cc6d87,Coding,0.3275537624088501,0.332142687050531,0.3427967001229361,1.0,0.0,0.0202215086894558,29.11392405063291,0.3783495085978035,501.21844660194176,149.0899470899471,8.0,0.0,0.0,0.0,0.038647342995169,0.0,26.0,207.0,583777.3357762273,0.2823800406126027,0.0432692307692307,0.1463895115973104,0.2330033126638742,0.1102090297931743,0.8723038634631783,0.0,9.0,3.837520358252188,0.0,0.0,0.0,9.0,1691.84692273807,0.1454218841743736,0.0098628589155605,0.0169,6.344,0.0,0.2445,0.8225,0.9297,0.021,0.0,46.0,4.0,16.75,0.0622,115.37,8.0,0.0,0.0,0.0,0.0,0.0,324.40000000596046,82804.0,0.0,0.0,0.0,0.0,1536x864,111301.0,0.0,"Mozilla/5.0 (Windows NT 10.0; Win64; x64) AppleWebKit/537.36 (KHTML, like Gecko) Chrome/150.0.0.0 Safari/537.36",13.066114044873542,0.6396226415094339,286.76,0.968,0.5845,0.7163,0.0859,39.76,3.44,174.21,0.66,-11.2,4.0,0.0036,69.74,0.0,0.5556,0.3377,0.2533,0.4578,0.5475,0.0,100.0,22.984,1.0,3.31,96.3,0.25,7.41,0.0,0.0,0.0,0.0,509.8,0.0,100.21,3.44,1.0,3.18,2.58,0.0,0.0,2.5
bb27f56e-d588-4acf-bdee-9a2e2c267109,MCQ,0.2847160713531956,0.0,0.4143453954281071,0.963,0.0,0.4939450640376537,0.0,0.0,0.0,0.0,0.0,0.0,0.0,0.0,0.0,0.0,0.0,0.0,0.0,0.3981887833453893,10.0,0.1843884048876182,0.3772852186031374,0.3045159718627242,0.8443176207005216,0.0,10.0,5.188488722635281,1.0,2700.0,27.0,10.0,4316.675181831679,0.3621740973735633,0.1967007825643745,0.5333,0.0,0.0,21.6283,21.6178,0.495,0.9238,0.0,0.0,0.0,0.0,0.2226,99.11,0.0,0.0,0.0,0.0,0.0,4764.705882352941,299.30000000074506,22849.8,0.0,0.0,0.0,0.0,1536x864,32888.0,0.0,"Mozilla/5.0 (Windows NT 10.0; Win64; x64) AppleWebKit/537.36 (KHTML, like Gecko) Chrome/150.0.0.0 Safari/537.36 Edg/150.0.0.0",13.066114044873542,0.5439747195030186,0.0,0.9312,0.5743,0.6599,0.046,2883.32,1.04,-80.8,1.93,-9.26,0.0,0.0,0.0,0.0,0.0385,0.2468,0.1851,0.4818,0.5365,0.04,96.3,24300.362,1.0,0.12,11.11,0.16,14.81,0.0,0.0,0.6,55.56,0.0,0.04,8970.29,1.04,1.0,151.79,35.11,0.0,0.0,5.32
7c4083fb-ecc3-47fe-ada3-ab0bf2cc6d87,MCQ,0.3543825432730272,0.6788112587512501,0.3784949311517298,1.0,0.0,0.0432969080515096,23.0,0.0,0.0,0.0,0.0,0.0,0.0,0.0,0.0,0.0,0.0,0.0,0.0,0.2827499448515703,7.0,0.1885734192797436,0.2766469721671128,0.7526881720430108,0.841344744699056,0.0,7.0,3.877015604817706,0.0,1768.0,92.0,7.0,992.287066844381,0.179078388618418,0.5060590542363458,0.2228,1.547,0.069,1.8702,5.3683,0.7505,0.1886,0.0,2.99,1.0,2.99,3.7555,57.66,3.0,1.0,0.3493,20.96,1.0416,8160.0,298.90000000596046,7568.2,0.0,0.0,0.0,0.0,1536x864,11567.0,0.0,"Mozilla/5.0 (Windows NT 10.0; Win64; x64) AppleWebKit/537.36 (KHTML, like Gecko) Chrome/150.0.0.0 Safari/537.36",13.066114044873542,0.6287211740041929,109.14,0.9628,0.5537,0.71,0.0736,255.78,0.42,173.09,-1.85,-7.2,1.0,0.0,142.53,0.0,0.2593,0.3131,0.2348,0.4363,0.5535,0.0,100.0,59.32,1.0,0.41,96.3,0.02,3.7,0.0,0.0,0.0,0.0,109.14,0.0,1192.62,0.42,1.0,5.98,1.94,0.0,0.0,4.44
0c745563-cc6e-49cd-9a07-5bbd371a5fc8,Typing,0.2976064881983661,0.538791255893699,0.3834057590618625,1.0,0.0,0.1889491469975308,14.271186440677964,0.3681555231249321,369.92105263157896,111.70408163265306,3.0,0.0,0.0,0.0,0.0098360655737704,0.0,21.0,305.0,110215.69113573396,0.2234241151215249,0.0163398692810457,0.2281598496701284,0.4523104354963273,0.0433598695735123,0.8142262591213921,0.0,5.0,3.700190028903921,0.0,0.0,0.0,5.0,995.6319296067502,0.1694909380731825,0.0019909686350578,0.0076,8.42,0.0,0.2531,1.0322,0.9109,0.0257,0.0,16.84,2.0,8.55,0.0086,0.0,2.0,0.0,0.0,0.0,0.0,0.0,318.1999999284744,57660.5,0.0,0.0,0.0,0.0,1536x864,116823.0,0.0,"Mozilla/5.0 (Windows NT 10.0; Win64; x64) AppleWebKit/537.36 (KHTML, like Gecko) Chrome/149.0.0.0 Safari/537.36",29.198235798562184,0.5968553459119498,227.3,0.9476,0.5589,0.5967,0.0368,170.73,3.71,-165.93,5.9,-5.41,7.0,0.0493,113.13,0.0,0.4286,0.2211,0.1658,0.476,0.4862,0.0,100.0,1233.306,1.0,0.0,0.0,0.66,17.86,0.0,0.0,3.58,96.43,397.77,0.0,1363.14,3.71,1.0,4.72,33.08,0.0,0.0,10.81
7c4083fb-ecc3-47fe-ada3-ab0bf2cc6d87,Typing,0.367966392226654,0.3650521503071868,0.453372332850172,1.0,0.0,0.54583801366336,10.788079470198674,0.4288796655471272,441.7094801223242,104.99686520376176,20.0,0.0,0.0,0.0,0.0609756097560975,0.0,18.0,328.0,412047.9370049285,0.2196496592931372,0.0151975683890577,0.186792095485874,0.2913658392441916,0.0338941688471915,0.842607566905473,0.0,5.0,3.627739492736557,0.0,0.0,0.0,5.0,1350.8923499116036,0.2270244734885382,0.1749085711103769,0.3343,1.064,0.0,0.186,0.4809,0.9389,0.1578,0.0,16.29,6.0,3.26,0.7257,130.53,34.0,0.0,0.0,0.0,0.0,0.0,303.0,73421.5,0.0,0.0,1.0,575.0,1536x864,148860.0,0.0,"Mozilla/5.0 (Windows NT 10.0; Win64; x64) AppleWebKit/537.36 (KHTML, like Gecko) Chrome/150.0.0.0 Safari/537.36",8.563430017021085,0.6484276729559748,289.93,0.9722,0.6195,0.7086,0.1272,1125.95,4.7,33.34,2.45,-3.94,6.0,0.6851,76.65,0.0,0.5926,0.4118,0.3088,0.4651,0.5028,0.0,100.0,30460.752,1.0,1.39,29.63,0.0,0.0,0.0,0.0,0.7,14.81,521.87,0.0,2061.02,4.7,1.0,174.18,3.58,0.0,0.0,10.49
0c745563-cc6e-49cd-9a07-5bbd371a5fc8,Coding,0.3071321616915989,0.5737486307567747,0.4091811744059789,1.0,0.0,0.2955178468568461,11.763779527559056,0.3838896519151554,375.1358024691358,124.09863945578232,11.0,0.0,0.0,0.0,0.0338461538461538,0.0,48.0,325.0,105622.23464410914,0.2163520838026798,0.0122699386503067,0.3224134652406368,0.6391401581799294,0.0318506839934387,0.7561931470639042,0.0,4.0,5.3945864067600215,0.0,0.0,0.0,4.0,1158.9715760857923,0.2597537434938388,0.0079514812791685,0.0167,5.492,0.0,0.3598,1.8954,0.8402,0.0343,0.0,14.94,2.0,7.82,0.0159,6.95,3.0,0.0,0.008,0.48,2.0741,0.0,318.1999999284744,93744.0,0.0,0.0,0.0,0.0,1536x864,126165.0,0.0,"Mozilla/5.0 (Windows NT 10.0; Win64; x64) AppleWebKit/537.36 (KHTML, like Gecko) Chrome/149.0.0.0 Safari/537.36",13.066114044873542,0.620335429769392,284.59,0.9588,0.5133,0.592,0.0364,347.46,3.98,-164.26,4.11,10.5,8.0,0.0446,120.47,0.0,0.5714,0.2202,0.1652,0.4307,0.4819,0.0,100.0,3567.137,1.0,0.0,0.0,0.0,0.0,1.57,39.29,3.84,96.43,426.88,0.0,1290.71,3.98,1.0,4.09,57.9,0.0,0.0,14.07
bb27f56e-d588-4acf-bdee-9a2e2c267109,Typing,0.4125498818081393,0.3339524694003905,0.5033147115570464,0.963,0.0,0.289001096725882,0.0,0.4610252167189335,456.7673796791444,114.5420054200542,48.0,0.0,0.0,0.0,0.128,0.0,8.0,375.0,284052.91112842807,0.2585617149232666,0.0106382978723404,0.4161739749930805,0.7572617483827506,0.0229013752275824,0.7061279317782168,0.0,4.0,5.2727272727272725,0.0,128.0,25.0,4.0,2409.3340263743744,0.2502816895407779,0.3365330542844039,1.0,0.0,0.0,6.3694,1.4247,0.5388,1.5109,0.0,0.0,0.0,0.0,0.0228,71.19,0.0,0.0,0.0057,0.34,2.6584,43.389830508474574,392.6000000014901,86837.0,0.0,0.0,0.0,0.0,1536x864,175354.0,0.0,"Mozilla/5.0 (Windows NT 10.0; Win64; x64) AppleWebKit/537.36 (KHTML, like Gecko) Chrome/150.0.0.0 Safari/537.36 Edg/150.0.0.0",8.35427487448278,0.5940795413059535,230.38,0.9551,0.5484,0.476,0.0942,340.9,5.13,-133.71,-2.94,-4.47,6.0,0.078,70.12,0.0,0.2692,0.3527,0.2645,0.4162,0.2997,0.2,96.3,12421.861,1.0,0.0,0.0,0.0,0.0,0.0,0.0,3.95,74.07,394.94,0.2,1780.97,5.13,1.0,111.27,2.35,0.0,0.0,5.9
7c4083fb-ecc3-47fe-ada3-ab0bf2cc6d87,Coding,0.4407685607908813,0.3530504357765395,0.4879291358033885,1.0,0.0,0.3315876845201636,11.175,0.3548697526051734,558.7286821705426,147.97540983606558,7.0,0.0,0.0,0.0,0.0538461538461538,0.0,17.0,130.0,705336.8643711316,0.2739465428388949,0.0458015267175572,0.2263522941756226,0.373853525467559,0.0769892086792501,0.8154263703418266,0.0,6.0,4.070185038791234,0.0,146.0,58.0,6.0,1678.6369530789657,0.312095543960217,0.4763963124993311,0.686,4.472,0.0,0.2138,0.7364,0.927,0.1191,0.0,8.94,2.0,4.83,2.7954,0.0,2.0,0.0,0.0,0.0,0.0,109.5,311.80000001192093,71920.5,0.0,0.0,0.0,0.0,1536x864,78877.0,0.0,"Mozilla/5.0 (Windows NT 10.0; Win64; x64) AppleWebKit/537.36 (KHTML, like Gecko) Chrome/150.0.0.0 Safari/537.36",13.066114044873542,0.6578616352201259,329.77,0.9767,0.614,0.7029,0.1257,1547.65,2.43,-111.93,2.06,-8.1,3.0,0.0728,74.13,0.0,0.2963,0.4093,0.307,0.4605,0.4982,0.0,100.0,19160.041,1.0,0.0,0.0,0.0,0.0,0.0,0.0,1.44,59.26,449.68,0.0,3978.17,2.43,1.0,138.39,1.47,0.0,0.0,2.34
bb27f56e-d588-4acf-bdee-9a2e2c267109,Coding,0.2985474573372775,1.0,0.4099574632041752,1.0,0.0,0.0433483868750577,15.053571428571429,0.2641063921561884,412.2436974789916,145.15178571428572,23.0,0.0,0.0,0.0,0.1916666666666666,0.0,13.0,120.0,238515.49523338748,0.2430272132165109,0.024793388429752,0.4296053393929372,0.8088169701398901,0.4142502071251036,0.6994937500895433,0.0,3.0,9.423889249206766,0.0,700.0,7.0,3.0,2414.692935764713,0.1764749607596146,0.0203895573097439,0.0355,2.454,0.0,0.9382,4.4815,0.7874,0.0528,0.0,8.43,2.0,6.32,0.1107,92.06,4.0,0.0,0.0,0.0,0.0,750.0,283.40000000037253,29745.5,0.0,0.0,0.0,0.0,1536x864,55228.0,0.0,"Mozilla/5.0 (Windows NT 10.0; Win64; x64) AppleWebKit/537.36 (KHTML, like Gecko) Chrome/150.0.0.0 Safari/537.36 Edg/150.0.0.0",13.066114044873542,0.6666666666666666,127.0,0.9809,0.5286,0.63,0.0368,106.26,1.71,172.25,-5.86,-3.15,6.0,0.0032,209.97,0.0,0.3704,0.2214,0.166,0.4456,0.5194,0.0,100.0,44.069,1.0,1.65,96.3,0.0,0.0,0.0,0.0,0.0,0.0,190.5,0.0,231.17,1.71,1.0,3.43,3.55,0.0,0.0,4.44
7c4083fb-ecc3-47fe-ada3-ab0bf2cc6d87,MCQ,0.3956591823388975,0.7137686336143259,0.4288353426241198,1.0,0.0,0.3171464212584329,18.166666666666668,0.0,0.0,0.0,0.0,0.0,0.0,0.0,0.0,0.0,0.0,0.0,0.0,0.3029574355059344,6.0,0.1531897466519723,0.2664240074258724,0.5901445854234287,0.8671599820439572,0.0,6.0,2.466666666666667,0.0,1631.0,114.0,6.0,1073.346443137909,0.1686893839279579,0.6272683923821504,0.1714,1.186,0.119,2.8022,9.6115,0.6873,0.1691,0.0,2.18,1.0,2.18,3.4065,50.48,5.0,2.0,0.9462,56.77,1.0129,8155.0,302.59999999403954,6779.6,0.0,0.0,0.0,0.0,1536x864,10965.0,0.0,"Mozilla/5.0 (Windows NT 10.0; Win64; x64) AppleWebKit/537.36 (KHTML, like Gecko) Chrome/150.0.0.0 Safari/537.36",13.066114044873542,0.6524109014675051,88.97,0.9741,0.5848,0.6932,0.1191,1013.24,0.4,-109.67,0.26,-5.65,1.0,0.0,149.87,0.0,0.0741,0.3977,0.2983,0.4357,0.4944,0.0,100.0,18687.692,1.0,0.06,14.81,0.0,0.0,0.0,0.0,0.31,77.78,88.97,0.0,23804.95,0.4,1.0,136.69,1.58,0.0,0.0,1.46
0c745563-cc6e-49cd-9a07-5bbd371a5fc8,Typing,0.3211469150664981,0.4619707577272944,0.4107210334640134,1.0,0.0,0.3040933044309784,14.61344537815126,0.3719046777641133,356.32911392405066,107.43853820598008,7.0,0.0,0.0,0.0,0.0220820189274447,0.0,24.0,317.0,130228.06257010096,0.2668169007572331,0.0125786163522012,0.3136835951658188,0.727790798478016,0.0344512772811052,0.7612183052904575,0.0,4.0,3.870749147379318,0.0,0.0,0.0,4.0,2120.261441856339,0.1713978490534893,0.0049855785999916,0.0143,5.969,0.0,0.2319,0.9678,0.9144,0.026,0.0,17.39,2.0,9.08,0.0171,0.0,3.0,0.0,0.0,0.0,0.0,0.0,318.1999999284744,58053.0,0.0,0.0,0.0,0.0,1536x864,116979.0,0.0,"Mozilla/5.0 (Windows NT 10.0; Win64; x64) AppleWebKit/537.36 (KHTML, like Gecko) Chrome/149.0.0.0 Safari/537.36",17.3427571149078,0.6408805031446542,353.47,0.9686,0.5221,0.5704,0.0325,298.27,3.71,-164.42,10.46,7.43,6.0,0.0351,97.0,0.0,0.5714,0.208,0.156,0.4442,0.4664,0.0,100.0,2498.809,1.0,0.0,0.0,0.13,3.57,0.66,17.86,3.58,96.43,530.21,0.0,1483.89,3.71,1.0,4.57,46.39,0.0,0.0,18.05
bb27f56e-d588-4acf-bdee-9a2e2c267109,MCQ,0.2991847321646687,0.0,0.4467812644990487,0.9615,0.0,0.4621338377655178,0.0,0.0,0.0,0.0,0.0,0.0,0.0,0.0,0.0,0.0,0.0,0.0,0.0,0.3555579831391991,10.0,0.2915899029509701,0.4949188004132139,0.6084205402774397,0.7742395614236703,1.0,10.0,13.34607234578112,0.0,2900.0,27.0,10.0,3673.017727621433,0.2259102759705378,0.2468031486860465,0.5625,0.0,0.0,75.2144,55.5832,0.436,1.3135,0.0,0.0,0.0,0.0,0.4993,119.65,0.0,0.0,0.0555,3.33,1.3672,9666.666666666668,296.30000000074506,11218.6,0.0,0.0,0.0,0.0,1536x864,16485.0,0.0,"Mozilla/5.0 (Windows NT 10.0; Win64; x64) AppleWebKit/537.36 (KHTML, like Gecko) Chrome/150.0.0.0 Safari/537.36 Edg/150.0.0.0",13.066114044873542,0.5943777968334288,0.0,0.9556,0.5639,0.6474,0.0413,2292.87,0.53,-50.0,-2.41,-1.64,0.0,0.0,0.0,0.0,0.08,0.2342,0.1757,0.4761,0.5303,0.02,96.15,28502.024,1.0,0.15,26.92,0.0,0.0,0.0,0.0,0.3,53.85,0.0,0.02,16841.86,0.53,1.0,168.74,2.35,0.0,0.0,4.73
0c745563-cc6e-49cd-9a07-5bbd371a5fc8,Coding,0.3112684721109062,0.568224032004572,0.404518137569502,1.0,0.0,0.3543827501254962,13.0,0.3591597631670226,418.4235294117647,117.66386554621847,3.0,0.0,0.0,0.0,0.01171875,0.0,33.0,256.0,208484.761799308,0.2616555528046918,0.0116731517509727,0.3044040679613448,0.7159841232053479,0.0443432760812368,0.7666336103680675,0.0,3.0,9.580834386589332,0.0,0.0,0.0,3.0,2279.410801804164,0.2786053866423148,0.0056002915494786,0.0159,5.101,0.0,0.1755,0.7612,0.9349,0.0198,0.0,14.56,2.0,8.27,0.018,0.0,3.0,0.0,0.0,0.0,0.0,0.0,318.1999999284744,87131.0,0.0,0.0,0.0,0.0,1536x864,110315.0,0.0,"Mozilla/5.0 (Windows NT 10.0; Win64; x64) AppleWebKit/537.36 (KHTML, like Gecko) Chrome/149.0.0.0 Safari/537.36",13.066114044873542,0.6186582809224318,269.41,0.958,0.5404,0.6509,0.037,607.35,3.52,-163.11,-12.24,12.8,7.0,0.0422,119.31,0.0,0.5357,0.222,0.1665,0.4571,0.5399,0.0,100.0,6553.446,1.0,0.0,0.0,0.0,0.0,0.75,21.43,3.39,96.43,502.9,0.0,2856.72,3.52,1.0,6.0,79.72,0.0,0.0,12.71
0c745563-cc6e-49cd-9a07-5bbd371a5fc8,MCQ,0.348357207198402,0.0,0.340161038910742,1.0,0.0,0.2326667129259789,32.07692307692307,0.0,0.0,0.0,0.0,0.0,0.0,0.0,0.0,0.0,0.0,0.0,0.0,0.2818805232553112,6.0,0.1065193443665816,0.2920569152946707,0.5491990846681922,0.9037347653171324,0.0,6.0,1.9172327062722456,0.0,1300.0,13.0,6.0,1382.6224824307917,0.1725265477779719,0.4582988296473113,0.1375,1.586,0.068,1.8821,5.8973,0.7592,0.1166,0.0,4.17,1.0,4.17,2.9015,46.4,5.0,2.0,0.5489,32.94,1.0641,6000.0,318.1999999284744,7070.0,0.0,0.0,0.0,0.0,1536x864,11106.0,0.0,"Mozilla/5.0 (Windows NT 10.0; Win64; x64) AppleWebKit/537.36 (KHTML, like Gecko) Chrome/149.0.0.0 Safari/537.36",13.066114044873542,0.6532494758909854,0.0,0.9745,0.542,0.6234,0.0389,1180.28,0.44,-173.89,4.58,-14.34,0.0,0.0,0.0,0.0,0.0,0.2277,0.1708,0.4566,0.5095,0.0,100.0,1359.199,1.0,0.0,0.0,0.33,75.0,0.02,3.57,0.43,96.43,0.0,0.0,11202.28,0.44,1.0,4.21,33.47,0.0,0.0,14.88
0c745563-cc6e-49cd-9a07-5bbd371a5fc8,MCQ,0.3614685548222031,0.0,0.3687242342419676,1.0,0.0,0.1414232762893377,28.2,0.0,0.0,0.0,0.0,0.0,0.0,0.0,0.0,0.0,0.0,0.0,0.0,0.2392044488023054,6.0,0.1652332616769379,0.3241930708855731,0.839278220730172,0.8581972664948274,0.0,6.0,1.950783318453271,0.0,1400.0,14.0,6.0,752.1442058764869,0.1510807704561231,0.5410513218491905,0.17,1.375,0.092,2.402,6.8877,0.7139,0.1621,0.0,2.82,1.0,2.82,2.9606,37.93,4.0,3.0,0.7837,47.02,1.1679,8400.0,318.1999999284744,5459.8,0.0,0.0,0.0,0.0,1536x864,8432.0,0.0,"Mozilla/5.0 (Windows NT 10.0; Win64; x64) AppleWebKit/537.36 (KHTML, like Gecko) Chrome/149.0.0.0 Safari/537.36",13.066114044873542,0.6656184486373167,0.0,0.9804,0.5397,0.6159,0.0375,2180.89,0.36,-164.23,-0.67,-23.79,0.0,0.0,0.0,0.0,0.0,0.2235,0.1676,0.4559,0.5042,0.0,100.0,4387.906,1.0,0.0,0.0,0.35,96.43,0.0,0.0,0.32,89.29,0.0,0.0,27860.68,0.36,1.0,66.16,0.99,0.0,0.0,3.19
bb27f56e-d588-4acf-bdee-9a2e2c267109,Typing,0.3465524925287247,0.3872457970186217,0.4147040676954849,0.963,0.0,0.5409980961150479,11.171052631578949,0.406309101723318,459.071186440678,118.97241379310344,22.0,0.0,0.0,0.0,0.0743243243243243,0.0,8.0,296.0,263923.4695087619,0.3295153761417509,0.0235690235690235,0.2847998055116654,0.5735549320450299,0.0466480074636811,0.7783313756042753,0.0,7.0,4.962751882776329,0.0,2700.0,27.0,7.0,3263.663905406139,0.2295809034587892,0.063224189937587,0.1288,1.995,0.34,1.0229,2.6233,0.7084,0.1403,0.0,16.98,2.0,9.34,0.1374,95.05,12.0,1.0,0.0327,1.96,1.3915,1065.7894736842106,295.30000000074506,74462.5,0.0,0.0,0.0,0.0,1536x864,150991.0,0.0,"Mozilla/5.0 (Windows NT 10.0; Win64; x64) AppleWebKit/537.36 (KHTML, like Gecko) Chrome/150.0.0.0 Safari/537.36 Edg/150.0.0.0",8.40153668567988,0.5871613023122428,255.44,0.9518,0.5447,0.5024,0.0774,956.2,4.43,-79.16,-2.58,-5.23,6.0,0.1578,81.31,0.0,0.3462,0.3204,0.2403,0.4245,0.3422,0.17,96.3,26703.459,1.0,0.17,3.7,0.0,0.0,0.0,0.0,2.21,48.15,510.88,0.17,2284.14,4.43,1.0,155.64,49.59,0.0,0.0,4.57
7c4083fb-ecc3-47fe-ada3-ab0bf2cc6d87,Typing,0.3285476227199548,0.2779920941086822,0.3597761883670079,1.0,0.0,0.4610741447264536,26.616666666666667,0.4225549478822074,442.187074829932,108.70034843205576,10.0,0.0,0.0,0.0,0.0338983050847457,0.0,16.0,295.0,731608.5398329399,0.2167276231438181,0.0101351351351351,0.3579401740038991,0.6594779119603624,0.0311740133424777,0.7364094671796113,0.0,3.0,5.352108157389484,0.0,0.0,0.0,3.0,1866.6018591100155,0.2518366904176732,0.0229163055980284,0.032,7.123,0.3,1.2246,5.8689,0.5544,0.1413,0.0,47.91,6.0,29.14,0.0814,75.72,7.0,1.0,0.0222,1.33,6.196,0.0,314.39999997615814,65849.0,2.0,0.0,1.0,5161.0,1536x864,133583.0,0.0,"Mozilla/5.0 (Windows NT 10.0; Win64; x64) AppleWebKit/537.36 (KHTML, like Gecko) Chrome/150.0.0.0 Safari/537.36",6.399872149119809,0.6519916142557652,228.43,0.9739,0.6161,0.7067,0.1279,834.5,4.11,-59.69,0.64,-5.59,4.0,0.3247,58.37,0.0,0.4074,0.4127,0.3095,0.4613,0.5003,0.0,100.0,28304.402,1.0,0.61,14.81,0.0,0.0,0.0,0.0,1.98,48.15,304.57,0.0,2358.11,4.11,1.0,168.16,1.54,0.0,0.0,5.01
0c745563-cc6e-49cd-9a07-5bbd371a5fc8,MCQ,0.3767314705055971,0.0,0.5126843935337211,1.0,0.0,0.1003374727613806,0.0,0.0,0.0,0.0,0.0,0.0,0.0,0.0,0.0,0.0,0.0,0.0,0.0,0.247326039107827,6.0,0.144337939839337,0.3044586741563398,0.5021340697966357,0.8738677318873114,0.0,6.0,3.103677254483784,0.0,1200.0,12.0,6.0,842.2224979423796,0.1779029423696684,0.6109625263527163,0.18,1.121,0.082,2.4037,6.747,0.722,0.1672,0.0,0.0,0.0,0.0,2.7711,51.56,5.0,5.0,1.0776,64.66,1.1301,5538.461538461538,318.1999999284744,7478.6,0.0,0.0,0.0,0.0,1536x864,11988.0,0.0,"Mozilla/5.0 (Windows NT 10.0; Win64; x64) AppleWebKit/537.36 (KHTML, like Gecko) Chrome/149.0.0.0 Safari/537.36",13.066114044873542,0.648637316561845,0.0,0.9723,0.5634,0.6293,0.0372,322.05,0.47,-173.88,2.5,-22.49,0.0,0.0,0.0,0.0,0.0357,0.2226,0.1669,0.4799,0.518,0.0,100.0,118.436,1.0,0.0,0.0,0.42,89.29,0.0,0.0,0.45,96.43,0.0,0.0,2597.13,0.47,1.0,2.17,3.93,0.0,0.0,9.91
0c745563-cc6e-49cd-9a07-5bbd371a5fc8,MCQ,0.3867110381068278,0.0,0.5203995442106466,1.0,0.0,0.2608127801586808,0.0,0.0,0.0,0.0,0.0,0.0,0.0,0.0,0.0,0.0,0.0,0.0,0.0,0.2693166821735901,6.0,0.1230518481276001,0.3413964118816968,0.5389382915656158,0.8904308395620759,0.0,6.0,2.280350850198276,0.0,1500.0,15.0,6.0,875.3968742487644,0.1703347651374198,0.6234394199392557,0.2139,1.005,0.08,2.2384,4.5982,0.7453,0.1723,0.0,0.0,0.0,0.0,3.0548,27.32,5.0,3.0,0.9928,59.57,1.1045,6923.076923076923,318.1999999284744,6904.0,0.0,0.0,0.0,0.0,1536x864,11264.0,0.0,"Mozilla/5.0 (Windows NT 10.0; Win64; x64) AppleWebKit/537.36 (KHTML, like Gecko) Chrome/149.0.0.0 Safari/537.36",13.066114044873542,0.6540880503144654,0.0,0.9749,0.5516,0.628,0.0392,2144.84,0.42,-163.26,-3.43,-17.93,0.0,0.0,0.0,0.0,0.0,0.2284,0.1713,0.466,0.5138,0.0,100.0,4541.146,1.0,0.0,0.0,0.34,82.14,0.0,0.0,0.37,89.29,0.0,0.0,24314.17,0.42,1.0,65.83,2.27,0.0,0.0,14.23
bb27f56e-d588-4acf-bdee-9a2e2c267109,Coding,0.3378430806966366,0.4981664047244844,0.4710179764070185,1.0,0.0,0.4868820261208798,0.0,0.310210031254178,443.1041666666667,114.8048780487805,38.0,0.0,0.0,0.0,0.2620689655172414,0.0,13.0,145.0,555444.1210937501,0.2983707291319016,0.0205479452054794,0.3320837551275694,0.7557987942611204,0.0422797226450194,0.7507035470935784,0.0,3.0,5.077182070575939,0.0,500.0,5.0,3.0,3511.224283653873,0.2585852606558255,0.1385986902830666,0.4,0.0,0.0,11.5711,12.4878,0.4982,0.8252,0.0,0.0,0.0,0.0,0.027,108.3,0.0,0.0,0.0135,0.81,1.3695,400.0,298.90000000037253,39536.5,0.0,0.0,0.0,0.0,1536x864,72987.0,0.0,"Mozilla/5.0 (Windows NT 10.0; Win64; x64) AppleWebKit/537.36 (KHTML, like Gecko) Chrome/150.0.0.0 Safari/537.36 Edg/150.0.0.0",13.066114044873542,0.6041928721174004,169.95,0.9511,0.5538,0.5824,0.0643,1338.21,2.29,33.08,-1.88,-5.77,4.0,0.0786,104.6,0.0,0.2593,0.2921,0.2191,0.4442,0.4363,0.0,100.0,30093.496,1.0,0.93,40.74,0.0,0.0,0.0,0.0,0.59,25.93,339.91,0.0,4223.03,2.29,1.0,173.37,1.96,0.0,0.0,5.57
0c745563-cc6e-49cd-9a07-5bbd371a5fc8,MCQ,0.3879441165387598,0.0,0.4472994137712979,1.0,0.0,0.1057444665125089,14.800000000000002,0.0,0.0,0.0,0.0,0.0,0.0,0.0,0.0,0.0,0.0,0.0,0.0,0.2352888368693296,6.0,0.1390552472498283,0.2370990203638117,0.4777830864787387,0.877920541970578,0.0,6.0,2.0155644370746373,0.0,1400.0,14.0,6.0,778.68672589619,0.1709769077980237,0.6544331219481835,0.2155,1.244,0.094,3.3624,10.1789,0.6718,0.2111,0.0,2.22,1.0,2.22,3.3544,20.98,5.0,4.0,1.0063,60.38,1.0668,5600.0,318.1999999284744,6952.6,0.0,0.0,0.0,0.0,1536x864,13179.0,0.0,"Mozilla/5.0 (Windows NT 10.0; Win64; x64) AppleWebKit/537.36 (KHTML, like Gecko) Chrome/149.0.0.0 Safari/537.36",13.066114044873542,0.6620545073375262,0.0,0.9787,0.5432,0.6208,0.0408,226.11,0.51,-176.51,-4.15,-16.42,0.0,0.0,0.0,0.0,0.0,0.2332,0.1749,0.4557,0.5042,0.0,100.0,126.523,1.0,0.0,0.0,0.4,78.57,0.02,3.57,0.49,96.43,0.0,0.0,2108.95,0.51,1.0,0.67,2.11,0.0,0.0,11.03
bb27f56e-d588-4acf-bdee-9a2e2c267109,MCQ,0.2796688228050043,0.0,0.4628952080482044,1.0,0.0,0.551282784304481,0.0,0.0,0.0,0.0,0.0,0.0,0.0,0.0,0.0,0.0,0.0,0.0,0.0,0.3203223874782029,5.0,0.2324476448792467,0.4555120441611273,0.1854393057152394,0.811393493390933,0.0,5.0,9.190976468412188,0.0,2900.0,28.0,5.0,3752.73815594034,0.2536073947416022,0.1522313104504097,0.4167,0.0,0.0,33.5322,30.5791,0.5075,0.6821,0.0,0.0,0.0,0.0,0.1607,47.24,0.0,0.0,0.0,0.0,0.0,5612.903225806451,314.0,13455.0,0.0,0.0,0.0,0.0,1536x864,29292.0,0.0,"Mozilla/5.0 (Windows NT 10.0; Win64; x64) AppleWebKit/537.36 (KHTML, like Gecko) Chrome/150.0.0.0 Safari/537.36 Edg/150.0.0.0",13.066114044873542,0.6461215932914045,0.0,0.9711,0.5193,0.6035,0.0719,4817.55,0.95,-46.18,-6.29,-5.6,0.0,0.0,0.0,0.0,0.0741,0.3086,0.2314,0.4035,0.4492,0.0,100.0,30509.823,1.0,0.14,14.81,0.0,0.0,0.0,0.0,0.35,37.04,0.0,0.0,11254.76,0.95,1.0,171.21,34.29,0.0,0.0,4.52
0c745563-cc6e-49cd-9a07-5bbd371a5fc8,MCQ,0.3897920142115106,0.0,0.3809585704365166,0.9286,0.0,0.4632142243471953,23.375,0.0,0.0,0.0,0.0,0.0,0.0,0.0,0.0,0.0,0.0,0.0,0.0,0.2609118988828172,6.0,0.1596568298427952,0.3092664844541154,0.4201386457530985,0.8623240723167743,0.0,6.0,3.6763602924631855,0.0,1500.0,15.0,6.0,1477.580840938586,0.2060189130128681,0.693702800725427,0.1799,1.625,0.069,2.4126,6.0571,0.7436,0.1556,0.0,3.74,1.0,3.74,3.393,36.12,5.0,4.0,1.1745,70.47,1.0551,5625.0,318.1999999284744,9648.6,0.0,0.0,0.0,0.0,1536x864,14945.0,0.0,"Mozilla/5.0 (Windows NT 10.0; Win64; x64) AppleWebKit/537.36 (KHTML, like Gecko) Chrome/149.0.0.0 Safari/537.36",13.066114044873542,0.6045533572377986,0.0,0.9683,0.5578,0.6221,0.042,2233.73,0.49,-161.55,-9.7,-4.33,0.0,0.0,0.0,0.0,0.0385,0.2364,0.1773,0.4691,0.5039,0.04,92.86,6358.464,1.0,0.0,0.0,0.3,57.14,0.11,21.43,0.43,82.14,0.0,0.02,18982.8,0.49,1.0,68.19,32.7,0.0,0.0,25.28
7c4083fb-ecc3-47fe-ada3-ab0bf2cc6d87,Coding,0.3324898646531334,0.2961851693099014,0.272326350589254,1.0,0.0,0.3197446206844608,44.723270440251575,0.4592191339773779,596.3359375,153.74789915966386,16.0,0.0,0.0,0.0,0.0622568093385214,0.0,36.0,257.0,727059.9574584961,0.2137018063952174,0.0232558139534883,0.1956027379761893,0.279175465971911,0.0385643767996709,0.8363982184355915,0.0,6.0,3.1375612595516675,0.0,0.0,0.0,6.0,1004.7776731217908,0.213394241812757,0.0042083295606928,0.0099,14.365,0.0,0.1565,0.6025,0.9263,0.0205,0.0,71.11,4.0,36.63,0.0249,15.72,5.0,0.0,0.0,0.0,0.0,0.0,375.40000000596046,108634.0,0.0,0.0,1.0,708.0,1536x864,157960.0,0.0,"Mozilla/5.0 (Windows NT 10.0; Win64; x64) AppleWebKit/537.36 (KHTML, like Gecko) Chrome/150.0.0.0 Safari/537.36",13.066114044873542,0.6528301886792454,321.57,0.9743,0.6345,0.7112,0.1367,565.28,4.82,-124.44,1.87,-3.31,5.0,0.1117,62.19,0.0,0.3333,0.4266,0.32,0.4745,0.4979,0.0,100.0,16027.176,1.0,0.0,0.0,0.0,0.0,0.0,0.0,3.39,70.37,535.95,0.0,2014.37,4.82,1.0,126.5,2.04,0.0,0.0,4.62
bb27f56e-d588-4acf-bdee-9a2e2c267109,MCQ,0.3166975995126443,0.2857551078725532,0.4592850201263039,1.0,0.0,0.2653755960982873,3.065573770491804,0.3345134261197199,413.80078125,114.5420054200542,9.0,0.0,0.0,0.0,0.0386904761904761,0.0,16.0,220.0,250524.52401868632,0.2433293591700923,0.0226244343891402,0.249971002144911,0.495971241641934,0.0559931315092015,0.8000185590577952,0.0,5.0,4.235702594681104,0.0,0.0,0.0,5.0,1691.84692273807,0.2160112984481036,0.0580251808949368,0.17,1.586,0.0,1.8702,1.9233,0.7558,0.1556,0.0,3.74,1.0,3.58,0.0284,21.54,3.0,0.0,0.0,0.0,0.0,0.0,318.1999999284744,67433.5,0.0,0.0,0.0,0.0,Unknown,116302.0,0.0,Unknown,13.066114044873542,0.6309224318658281,213.545,0.96385,0.57605,0.64725,0.0862,446.055,3.725,-116.59,0.79,-3.23,4.0,0.0409,60.0,0.0,0.3333,0.3377,0.2533,0.45715,0.4992499999999999,0.0,100.0,10481.194,1.0,0.075,3.7,0.0,0.0,0.0,0.0,1.675,66.67,312.94,0.0,2329.5950000000003,3.725,1.0,95.145,3.92,0.0,0.0,6.675000000000001
7c4083fb-ecc3-47fe-ada3-ab0bf2cc6d87,MCQ,0.3585095843601021,0.3405724627327713,0.5120640164987094,1.0,0.0,0.2073980414140333,0.0,0.0,0.0,0.0,0.0,0.0,0.0,0.0,0.0,0.0,0.0,0.0,0.0,0.4181590015126961,6.0,0.1234746270653354,0.180474989248778,0.2915310237597784,0.8900957582033984,0.0,6.0,2.7300412084801944,0.0,2437.0,319.0,6.0,868.1068691618457,0.2770885259881521,0.3502608872903956,0.8571,0.0,0.0,23.3793,14.2909,0.6603,0.8452,0.0,0.0,0.0,0.0,0.4783,70.55,0.0,0.0,0.0797,4.78,1.5468,5415.555555555556,300.30000001192093,15399.0,0.0,0.0,0.0,0.0,1536x864,26015.0,0.0,"Mozilla/5.0 (Windows NT 10.0; Win64; x64) AppleWebKit/537.36 (KHTML, like Gecko) Chrome/150.0.0.0 Safari/537.36",13.066114044873542,0.6656184486373167,124.31,0.9804,0.5724,0.7029,0.126,944.97,0.84,-150.95,2.65,-7.78,1.0,0.0,71.51,0.0,0.1852,0.4098,0.3074,0.4187,0.498,0.0,100.0,8744.488,1.0,0.03,3.7,0.0,0.0,0.0,0.0,0.71,85.19,124.31,0.0,11531.43,0.84,1.0,93.46,0.86,0.0,0.0,3.13
